INSERT INTO products (product_id, product_name, amount_in_stock, cost)
VALUES (1, 'Hammer', 4, 10.99),
       (2, 'Nails', 3, 6.99),
       (3, 'Screwdriver', 6, 7.69),
       (4, 'Uranium-238 (5 kg)', 25, 15.99),
       (5, 'Turnip Flavored Grenades', 18, 22.38),
       (6, 'Iron Anvil', 100, 65.99),
       (7, 'Mk. 2000 "DEATH MACHINE" Ray Gun', 29, 99.99),
       (8, 'ACME Inc. Dynamite', 212, 4.99),
       (9, 'Cactus Football', 18, 11.50),
       (10, 'Antimatter Egg', 4, 690.00),
       (11, 'Soul of Harambe', 2, 12.99),
       (12, 'Mint Air Freshener', 4, 9.99),
       (13, 'Black Powder Bomb', 16, 16.99),
       (14, 'Broken Surge Protector', 4, 18.00),
       (15, 'Broken 5GB USB Drive', 82, 0.24),
       (16, 'Penny', 1000, 0.02),
       (17, 'Orb of Time and Space', 8, 13.68),
       (18, 'Bread Sandwich', 22, 17.39),
       (19, 'Lead Binnoculars', 4, 5.99),
       (20, 'Plutonium-239 (5 kg)', 39, 21.40),
       (21, 'Far Cry 4', 1, 62.99),
       (22, 'Lord of the Wings', 2, 4.50),
       (23, 'Big Mac 2', 1, 58.99);

INSERT INTO sales (sales_id, sale_year, total_sales)
VALUES  (1, TO_DATE('1990', 'YYYY'), 660132),
        (2, TO_DATE('1991', 'YYYY'), 1123784),
        (3, TO_DATE('1992', 'YYYY'), 915554),
        (4, TO_DATE('1993', 'YYYY'), 946607),
        (5, TO_DATE('1994', 'YYYY'), 1059402),
        (6, TO_DATE('1995', 'YYYY'), 1335405),
        (7, TO_DATE('1996', 'YYYY'), 595471),
        (8, TO_DATE('1997', 'YYYY'), 723801),
        (9, TO_DATE('1998', 'YYYY'), 1354887),
        (10, TO_DATE('1999', 'YYYY'), 1363052),
        (11, TO_DATE('2000', 'YYYY'), 842141),
        (12, TO_DATE('1990', 'YYYY'), 1188305),
        (13, TO_DATE('1991', 'YYYY'), 727039),
        (14, TO_DATE('1992', 'YYYY'), 563219),
        (15, TO_DATE('1993', 'YYYY'), 604820),
        (16, TO_DATE('1994', 'YYYY'), 1087427),
        (17, TO_DATE('1995', 'YYYY'), 1438899),
        (18, TO_DATE('1996', 'YYYY'), 1032566),
        (19, TO_DATE('1997', 'YYYY'), 1306414),
        (20, TO_DATE('1998', 'YYYY'), 1412550),
        (21, TO_DATE('1999', 'YYYY'), 912808),
        (22, TO_DATE('2000', 'YYYY'), 672588),
        (23, TO_DATE('1990', 'YYYY'), 1207792),
        (24, TO_DATE('1991', 'YYYY'), 1080813),
        (25, TO_DATE('1992', 'YYYY'), 1035469),
        (26, TO_DATE('1993', 'YYYY'), 1198407),
        (27, TO_DATE('1994', 'YYYY'), 1131758),
        (28, TO_DATE('1995', 'YYYY'), 1137587),
        (29, TO_DATE('1996', 'YYYY'), 785016),
        (30, TO_DATE('1997', 'YYYY'), 1249583),
        (31, TO_DATE('1998', 'YYYY'), 769800),
        (32, TO_DATE('1999', 'YYYY'), 945148),
        (33, TO_DATE('2000', 'YYYY'), 1389719),
        (34, TO_DATE('1990', 'YYYY'), 701706),
        (35, TO_DATE('1991', 'YYYY'), 1391755),
        (36, TO_DATE('1992', 'YYYY'), 949121),
        (37, TO_DATE('1993', 'YYYY'), 537111),
        (38, TO_DATE('1994', 'YYYY'), 1003578),
        (39, TO_DATE('1995', 'YYYY'), 1172922),
        (40, TO_DATE('1996', 'YYYY'), 1391998),
        (41, TO_DATE('1997', 'YYYY'), 866630),
        (42, TO_DATE('1998', 'YYYY'), 515064),
        (43, TO_DATE('1999', 'YYYY'), 1080303),
        (44, TO_DATE('2000', 'YYYY'), 1093670),
        (45, TO_DATE('1990', 'YYYY'), 1094635),
        (46, TO_DATE('1991', 'YYYY'), 701476),
        (47, TO_DATE('1992', 'YYYY'), 1197449),
        (48, TO_DATE('1993', 'YYYY'), 1033534),
        (49, TO_DATE('1994', 'YYYY'), 1234042),
        (50, TO_DATE('1995', 'YYYY'), 1003863),
        (51, TO_DATE('1996', 'YYYY'), 1462436),
        (52, TO_DATE('1997', 'YYYY'), 1163202),
        (53, TO_DATE('1998', 'YYYY'), 692803),
        (54, TO_DATE('1999', 'YYYY'), 1170228),
        (55, TO_DATE('2000', 'YYYY'), 1260367),
        (56, TO_DATE('1990', 'YYYY'), 744624),
        (57, TO_DATE('1991', 'YYYY'), 868635),
        (58, TO_DATE('1992', 'YYYY'), 892125),
        (59, TO_DATE('1993', 'YYYY'), 1382211),
        (60, TO_DATE('1994', 'YYYY'), 670003),
        (61, TO_DATE('1995', 'YYYY'), 1158060),
        (62, TO_DATE('1996', 'YYYY'), 652012),
        (63, TO_DATE('1997', 'YYYY'), 1115151),
        (64, TO_DATE('1998', 'YYYY'), 1047780),
        (65, TO_DATE('1999', 'YYYY'), 1370070),
        (66, TO_DATE('2000', 'YYYY'), 523259),
        (67, TO_DATE('1990', 'YYYY'), 1013253),
        (68, TO_DATE('1991', 'YYYY'), 1407182),
        (69, TO_DATE('1992', 'YYYY'), 1026837),
        (70, TO_DATE('1993', 'YYYY'), 686176),
        (71, TO_DATE('1994', 'YYYY'), 815532),
        (72, TO_DATE('1995', 'YYYY'), 909820),
        (73, TO_DATE('1996', 'YYYY'), 1217592),
        (74, TO_DATE('1997', 'YYYY'), 912188),
        (75, TO_DATE('1998', 'YYYY'), 1019842),
        (76, TO_DATE('1999', 'YYYY'), 812227),
        (77, TO_DATE('2000', 'YYYY'), 1113664),
        (78, TO_DATE('1990', 'YYYY'), 1233643),
        (79, TO_DATE('1991', 'YYYY'), 862113),
        (80, TO_DATE('1992', 'YYYY'), 1364058),
        (81, TO_DATE('1993', 'YYYY'), 1253858),
        (82, TO_DATE('1994', 'YYYY'), 824549),
        (83, TO_DATE('1995', 'YYYY'), 543613),
        (84, TO_DATE('1996', 'YYYY'), 1446661),
        (85, TO_DATE('1997', 'YYYY'), 1011129),
        (86, TO_DATE('1998', 'YYYY'), 1303980),
        (87, TO_DATE('1999', 'YYYY'), 691285),
        (88, TO_DATE('2000', 'YYYY'), 896116),
        (89, TO_DATE('1990', 'YYYY'), 1212458),
        (90, TO_DATE('1991', 'YYYY'), 1089849),
        (91, TO_DATE('1992', 'YYYY'), 582472),
        (92, TO_DATE('1993', 'YYYY'), 870518),
        (93, TO_DATE('1994', 'YYYY'), 1241861),
        (94, TO_DATE('1995', 'YYYY'), 1197623),
        (95, TO_DATE('1996', 'YYYY'), 1418298),
        (96, TO_DATE('1997', 'YYYY'), 628283),
        (97, TO_DATE('1998', 'YYYY'), 737234),
        (98, TO_DATE('1999', 'YYYY'), 1447904),
        (99, TO_DATE('2000', 'YYYY'), 535465),
        (100, TO_DATE('1990', 'YYYY'), 780424),
        (101, TO_DATE('1991', 'YYYY'), 634080),
        (102, TO_DATE('1992', 'YYYY'), 1367350),
        (103, TO_DATE('1993', 'YYYY'), 1190244),
        (104, TO_DATE('1994', 'YYYY'), 868024),
        (105, TO_DATE('1995', 'YYYY'), 779538),
        (106, TO_DATE('1996', 'YYYY'), 1226438),
        (107, TO_DATE('1997', 'YYYY'), 696603),
        (108, TO_DATE('1998', 'YYYY'), 909554),
        (109, TO_DATE('1999', 'YYYY'), 960081),
        (110, TO_DATE('2000', 'YYYY'), 575068),
        (111, TO_DATE('1990', 'YYYY'), 1289964),
        (112, TO_DATE('1991', 'YYYY'), 1230291),
        (113, TO_DATE('1992', 'YYYY'), 1415969),
        (114, TO_DATE('1993', 'YYYY'), 1333577),
        (115, TO_DATE('1994', 'YYYY'), 1176952),
        (116, TO_DATE('1995', 'YYYY'), 927098),
        (117, TO_DATE('1996', 'YYYY'), 1137558),
        (118, TO_DATE('1997', 'YYYY'), 884589),
        (119, TO_DATE('1998', 'YYYY'), 839566),
        (120, TO_DATE('1999', 'YYYY'), 850016),
        (121, TO_DATE('2000', 'YYYY'), 1474438),
        (122, TO_DATE('1990', 'YYYY'), 922038),
        (123, TO_DATE('1991', 'YYYY'), 736886),
        (124, TO_DATE('1992', 'YYYY'), 732651),
        (125, TO_DATE('1993', 'YYYY'), 1136014),
        (126, TO_DATE('1994', 'YYYY'), 1171537),
        (127, TO_DATE('1995', 'YYYY'), 860935),
        (128, TO_DATE('1996', 'YYYY'), 1373248),
        (129, TO_DATE('1997', 'YYYY'), 1119441),
        (130, TO_DATE('1998', 'YYYY'), 1412752),
        (131, TO_DATE('1999', 'YYYY'), 653672),
        (132, TO_DATE('2000', 'YYYY'), 769873),
        (133, TO_DATE('1990', 'YYYY'), 1280102),
        (134, TO_DATE('1991', 'YYYY'), 860268),
        (135, TO_DATE('1992', 'YYYY'), 1137897),
        (136, TO_DATE('1993', 'YYYY'), 1075992),
        (137, TO_DATE('1994', 'YYYY'), 1103058),
        (138, TO_DATE('1995', 'YYYY'), 850852),
        (139, TO_DATE('1996', 'YYYY'), 1485546),
        (140, TO_DATE('1997', 'YYYY'), 1079491),
        (141, TO_DATE('1998', 'YYYY'), 925920),
        (142, TO_DATE('1999', 'YYYY'), 1275511),
        (143, TO_DATE('2000', 'YYYY'), 809782),
        (144, TO_DATE('1990', 'YYYY'), 841889),
        (145, TO_DATE('1991', 'YYYY'), 1109088),
        (146, TO_DATE('1992', 'YYYY'), 1003086),
        (147, TO_DATE('1993', 'YYYY'), 785339),
        (148, TO_DATE('1994', 'YYYY'), 1262998),
        (149, TO_DATE('1995', 'YYYY'), 904028),
        (150, TO_DATE('1996', 'YYYY'), 1124905),
        (151, TO_DATE('1997', 'YYYY'), 1129366),
        (152, TO_DATE('1998', 'YYYY'), 1394818),
        (153, TO_DATE('1999', 'YYYY'), 546944),
        (154, TO_DATE('2000', 'YYYY'), 1366253),
        (155, TO_DATE('1990', 'YYYY'), 1143822),
        (156, TO_DATE('1991', 'YYYY'), 699310),
        (157, TO_DATE('1992', 'YYYY'), 1037790),
        (158, TO_DATE('1993', 'YYYY'), 504757),
        (159, TO_DATE('1994', 'YYYY'), 572558),
        (160, TO_DATE('1995', 'YYYY'), 1173583),
        (161, TO_DATE('1996', 'YYYY'), 933861),
        (162, TO_DATE('1997', 'YYYY'), 1242583),
        (163, TO_DATE('1998', 'YYYY'), 1443456),
        (164, TO_DATE('1999', 'YYYY'), 1230316),
        (165, TO_DATE('2000', 'YYYY'), 1119203),
        (166, TO_DATE('1990', 'YYYY'), 1081353),
        (167, TO_DATE('1991', 'YYYY'), 806308),
        (168, TO_DATE('1992', 'YYYY'), 722262),
        (169, TO_DATE('1993', 'YYYY'), 1432205),
        (170, TO_DATE('1994', 'YYYY'), 1308207),
        (171, TO_DATE('1995', 'YYYY'), 1301753),
        (172, TO_DATE('1996', 'YYYY'), 1374477),
        (173, TO_DATE('1997', 'YYYY'), 600070),
        (174, TO_DATE('1998', 'YYYY'), 1127888),
        (175, TO_DATE('1999', 'YYYY'), 716366),
        (176, TO_DATE('2000', 'YYYY'), 725510),
        (177, TO_DATE('1990', 'YYYY'), 630974),
        (178, TO_DATE('1991', 'YYYY'), 1001705),
        (179, TO_DATE('1992', 'YYYY'), 1488509),
        (180, TO_DATE('1993', 'YYYY'), 1035002),
        (181, TO_DATE('1994', 'YYYY'), 626610),
        (182, TO_DATE('1995', 'YYYY'), 1117875),
        (183, TO_DATE('1996', 'YYYY'), 1446173),
        (184, TO_DATE('1997', 'YYYY'), 1189906),
        (185, TO_DATE('1998', 'YYYY'), 500480),
        (186, TO_DATE('1999', 'YYYY'), 1089995),
        (187, TO_DATE('2000', 'YYYY'), 1389216),
        (188, TO_DATE('1990', 'YYYY'), 554622),
        (189, TO_DATE('1991', 'YYYY'), 611104),
        (190, TO_DATE('1992', 'YYYY'), 978127),
        (191, TO_DATE('1993', 'YYYY'), 1228205),
        (192, TO_DATE('1994', 'YYYY'), 1044965),
        (193, TO_DATE('1995', 'YYYY'), 1237062),
        (194, TO_DATE('1996', 'YYYY'), 688013),
        (195, TO_DATE('1997', 'YYYY'), 1291633),
        (196, TO_DATE('1998', 'YYYY'), 856265),
        (197, TO_DATE('1999', 'YYYY'), 785718),
        (198, TO_DATE('2000', 'YYYY'), 1114294),
        (199, TO_DATE('1990', 'YYYY'), 1078527),
        (200, TO_DATE('1991', 'YYYY'), 1234275),
        (201, TO_DATE('1992', 'YYYY'), 1438853),
        (202, TO_DATE('1993', 'YYYY'), 1396633),
        (203, TO_DATE('1994', 'YYYY'), 1108752),
        (204, TO_DATE('1995', 'YYYY'), 538923),
        (205, TO_DATE('1996', 'YYYY'), 1024521),
        (206, TO_DATE('1997', 'YYYY'), 1325118),
        (207, TO_DATE('1998', 'YYYY'), 764433),
        (208, TO_DATE('1999', 'YYYY'), 671847),
        (209, TO_DATE('2000', 'YYYY'), 826823),
        (210, TO_DATE('1990', 'YYYY'), 1269294),
        (211, TO_DATE('1991', 'YYYY'), 723202),
        (212, TO_DATE('1992', 'YYYY'), 1469786),
        (213, TO_DATE('1993', 'YYYY'), 1403522),
        (214, TO_DATE('1994', 'YYYY'), 669375),
        (215, TO_DATE('1995', 'YYYY'), 676044),
        (216, TO_DATE('1996', 'YYYY'), 1404002),
        (217, TO_DATE('1997', 'YYYY'), 1259370),
        (218, TO_DATE('1998', 'YYYY'), 1081613),
        (219, TO_DATE('1999', 'YYYY'), 974977),
        (220, TO_DATE('2000', 'YYYY'), 1370474),
        (221, TO_DATE('1990', 'YYYY'), 559740),
        (222, TO_DATE('1991', 'YYYY'), 1219534),
        (223, TO_DATE('1992', 'YYYY'), 1431791),
        (224, TO_DATE('1993', 'YYYY'), 1296802),
        (225, TO_DATE('1994', 'YYYY'), 1407548),
        (226, TO_DATE('1995', 'YYYY'), 1223425),
        (227, TO_DATE('1996', 'YYYY'), 1169419),
        (228, TO_DATE('1997', 'YYYY'), 693266),
        (229, TO_DATE('1998', 'YYYY'), 1354071),
        (230, TO_DATE('1999', 'YYYY'), 747947),
        (231, TO_DATE('2000', 'YYYY'), 1427542),
        (232, TO_DATE('1990', 'YYYY'), 1292924),
        (233, TO_DATE('1991', 'YYYY'), 1160932),
        (234, TO_DATE('1992', 'YYYY'), 1036294),
        (235, TO_DATE('1993', 'YYYY'), 1331847),
        (236, TO_DATE('1994', 'YYYY'), 685453),
        (237, TO_DATE('1995', 'YYYY'), 1377765),
        (238, TO_DATE('1996', 'YYYY'), 1112632),
        (239, TO_DATE('1997', 'YYYY'), 857300),
        (240, TO_DATE('1998', 'YYYY'), 1220940),
        (241, TO_DATE('1999', 'YYYY'), 881927),
        (242, TO_DATE('2000', 'YYYY'), 1080502),
        (243, TO_DATE('1990', 'YYYY'), 1190726),
        (244, TO_DATE('1991', 'YYYY'), 785449),
        (245, TO_DATE('1992', 'YYYY'), 1249877),
        (246, TO_DATE('1993', 'YYYY'), 883123),
        (247, TO_DATE('1994', 'YYYY'), 1205803),
        (248, TO_DATE('1995', 'YYYY'), 525599),
        (249, TO_DATE('1996', 'YYYY'), 1464736),
        (250, TO_DATE('1997', 'YYYY'), 680780),
        (251, TO_DATE('1998', 'YYYY'), 1396073),
        (252, TO_DATE('1999', 'YYYY'), 1040828),
        (253, TO_DATE('2000', 'YYYY'), 916667);
INSERT INTO product_sales(product_id, sales_id)
VALUES  (1, 1),
        (1, 2),
        (1, 3),
        (1, 4),
        (1, 5),
        (1, 6),
        (1, 7),
        (1, 8),
        (1, 9),
        (1, 10),
        (1, 11),
        (2, 12),
        (2, 13),
        (2, 14),
        (2, 15),
        (2, 16),
        (2, 17),
        (2, 18),
        (2, 19),
        (2, 20),
        (2, 21),
        (2, 22),
        (3, 23),
        (3, 24),
        (3, 25),
        (3, 26),
        (3, 27),
        (3, 28),
        (3, 29),
        (3, 30),
        (3, 31),
        (3, 32),
        (3, 33),
        (4, 34),
        (4, 35),
        (4, 36),
        (4, 37),
        (4, 38),
        (4, 39),
        (4, 40),
        (4, 41),
        (4, 42),
        (4, 43),
        (4, 44),
        (5, 45),
        (5, 46),
        (5, 47),
        (5, 48),
        (5, 49),
        (5, 50),
        (5, 51),
        (5, 52),
        (5, 53),
        (5, 54),
        (5, 55),
        (6, 56),
        (6, 57),
        (6, 58),
        (6, 59),
        (6, 60),
        (6, 61),
        (6, 62),
        (6, 63),
        (6, 64),
        (6, 65),
        (6, 66),
        (7, 67),
        (7, 68),
        (7, 69),
        (7, 70),
        (7, 71),
        (7, 72),
        (7, 73),
        (7, 74),
        (7, 75),
        (7, 76),
        (7, 77),
        (8, 78),
        (8, 79),
        (8, 80),
        (8, 81),
        (8, 82),
        (8, 83),
        (8, 84),
        (8, 85),
        (8, 86),
        (8, 87),
        (8, 88),
        (9, 89),
        (9, 90),
        (9, 91),
        (9, 92),
        (9, 93),
        (9, 94),
        (9, 95),
        (9, 96),
        (9, 97),
        (9, 98),
        (9, 99),
        (10, 100),
        (10, 101),
        (10, 102),
        (10, 103),
        (10, 104),
        (10, 105),
        (10, 106),
        (10, 107),
        (10, 108),
        (10, 109),
        (10, 110),
        (11, 111),
        (11, 112),
        (11, 113),
        (11, 114),
        (11, 115),
        (11, 116),
        (11, 117),
        (11, 118),
        (11, 119),
        (11, 120),
        (11, 121),
        (12, 122),
        (12, 123),
        (12, 124),
        (12, 125),
        (12, 126),
        (12, 127),
        (12, 128),
        (12, 129),
        (12, 130),
        (12, 131),
        (12, 132),
        (13, 133),
        (13, 134),
        (13, 135),
        (13, 136),
        (13, 137),
        (13, 138),
        (13, 139),
        (13, 140),
        (13, 141),
        (13, 142),
        (13, 143),
        (14, 144),
        (14, 145),
        (14, 146),
        (14, 147),
        (14, 148),
        (14, 149),
        (14, 150),
        (14, 151),
        (14, 152),
        (14, 153),
        (14, 154),
        (15, 155),
        (15, 156),
        (15, 157),
        (15, 158),
        (15, 159),
        (15, 160),
        (15, 161),
        (15, 162),
        (15, 163),
        (15, 164),
        (15, 165),
        (16, 166),
        (16, 167),
        (16, 168),
        (16, 169),
        (16, 170),
        (16, 171),
        (16, 172),
        (16, 173),
        (16, 174),
        (16, 175),
        (16, 176),
        (17, 177),
        (17, 178),
        (17, 179),
        (17, 180),
        (17, 181),
        (17, 182),
        (17, 183),
        (17, 184),
        (17, 185),
        (17, 186),
        (17, 187),
        (18, 188),
        (18, 189),
        (18, 190),
        (18, 191),
        (18, 192),
        (18, 193),
        (18, 194),
        (18, 195),
        (18, 196),
        (18, 197),
        (18, 198),
        (19, 199),
        (19, 200),
        (19, 201),
        (19, 202),
        (19, 203),
        (19, 204),
        (19, 205),
        (19, 206),
        (19, 207),
        (19, 208),
        (19, 209),
        (20, 210),
        (20, 211),
        (20, 212),
        (20, 213),
        (20, 214),
        (20, 215),
        (20, 216),
        (20, 217),
        (20, 218),
        (20, 219),
        (20, 220),
        (21, 221),
        (21, 222),
        (21, 223),
        (21, 224),
        (21, 225),
        (21, 226),
        (21, 227),
        (21, 228),
        (21, 229),
        (21, 230),
        (21, 231),
        (22, 232),
        (22, 233),
        (22, 234),
        (22, 235),
        (22, 236),
        (22, 237),
        (22, 238),
        (22, 239),
        (22, 240),
        (22, 241),
        (22, 242),
        (23, 243),
        (23, 244),
        (23, 245),
        (23, 246),
        (23, 247),
        (23, 248),
        (23, 249),
        (23, 250),
        (23, 251),
        (23, 252),
        (23, 253);