INSERT INTO products(product_id, product_name, category, amount_in_stock, acme_rating, user_rating)
VALUES
	(1, 'Hammer', 'Evil', 554229, 4.85, 2.06),
	(2, 'Nails', 'Evil', 520496, 3.68, 4.99),
	(3, 'Screwdriver', 'General', 15637, 3.64, 4.34),
	(4, 'Uranium-238 (5 kg)', 'Evil', 213613, 2.49, 1.88),
	(5, 'Turnip Flavored Grenades', 'Unsafe', 988739, 1.96, 0.21),
	(6, 'Iron Anvil', 'Unsafe', 396669, 0.72, 0.54),
	(7, 'Mk. 2000 Ray Gun', 'Holy', 131833, 4.99, 2.31),
	(8, 'ACME Inc. Dynamite', 'Godly', 154643, 4.87, 0.39),
	(9, 'Cactus Football', 'Potato', 780040, 2.24, 4.71),
	(10, 'Antimatter Egg', 'Godly', 18632, 3.50, 0.92),
	(11, 'Soul of Harambe', 'Potato', 836076, 1.92, 2.13),
	(12, 'Mint Air Freshener', 'Godly', 359185, 3.67, 4.41),
	(13, 'Black Powder Bomb', 'Godly', 737224, 3.36, 0.63),
	(14, 'Broken Surge Protector', 'Holy', 262263, 0.15, 4.08),
	(15, 'Broken 5GB USB Drive', 'Unsafe', 103950, 1.41, 0.13),
	(16, 'Penny', 'Potato', 764267, 4.67, 1.27),
	(17, 'Orb of Time and Space', 'Holy', 674674, 3.07, 1.90),
	(18, 'Bread Sandwich', 'Godly', 241097, 3.02, 1.56),
	(19, 'Lead Binnoculars', 'Holy', 822841, 0.09, 4.94),
	(20, 'Plutonium-239 (5 kg)', 'General', 29228, 0.91, 3.75),
	(21, 'Far Cry 4', 'General', 319039, 2.91, 4.27),
	(22, 'Lord of the Wings', 'Godly', 521191, 3.12, 3.06),
	(23, 'Big Mac 2', 'Evil', 683, 4.20, 4.52),
	(24, 'Whoopie Cushion', 'Holy', 923838, 1.65, 3.86),
	(25, 'Notepad--', 'General', 247333, 2.42, 4.71),
	(26, 'Eaten Wizard Hat', 'Evil', 921385, 1.61, 0.44),
	(27, 'Wizard Lizard', 'Godly', 881135, 2.64, 1.70),
	(28, 'Torn Blue Shirt', 'General', 199525, 3.66, 3.54);
INSERT INTO products_yearly_data(year_id, year, units_sold, production_cost, distribution_cost, retail_price)
VALUES
	(1, TO_DATE('1990', 'YYYY'), 190136, 6.39, 22.86, 92.27),
	(2, TO_DATE('1991', 'YYYY'), 86488, 55.88, 59.01, 59.93),
	(3, TO_DATE('1992', 'YYYY'), 201190, 77.97, 82.22, 92.10),
	(4, TO_DATE('1993', 'YYYY'), 312939, 58.21, 64.01, 82.13),
	(5, TO_DATE('1994', 'YYYY'), 74728, 81.03, 94.48, 100.89),
	(6, TO_DATE('1995', 'YYYY'), 281171, 38.75, 43.22, 52.14),
	(7, TO_DATE('1996', 'YYYY'), 355271, 72.52, 77.39, 83.43),
	(8, TO_DATE('1997', 'YYYY'), 274983, 0.51, 20.67, 68.76),
	(9, TO_DATE('1998', 'YYYY'), 158963, 43.50, 79.39, 92.55),
	(10, TO_DATE('1999', 'YYYY'), 212294, 70.06, 81.64, 97.54),
	(11, TO_DATE('1990', 'YYYY'), 212205, 32.50, 33.22, 52.68),
	(12, TO_DATE('1991', 'YYYY'), 18922, 21.01, 22.27, 71.38),
	(13, TO_DATE('1992', 'YYYY'), 205587, 31.94, 34.86, 77.12),
	(14, TO_DATE('1993', 'YYYY'), 303813, 86.87, 102.73, 123.03),
	(15, TO_DATE('1994', 'YYYY'), 219644, 70.74, 99.11, 121.46),
	(16, TO_DATE('1995', 'YYYY'), 202201, 68.99, 71.20, 81.86),
	(17, TO_DATE('1996', 'YYYY'), 69371, 42.51, 48.41, 51.46),
	(18, TO_DATE('1997', 'YYYY'), 693277, 6.26, 16.19, 17.74),
	(19, TO_DATE('1998', 'YYYY'), 318618, 37.55, 37.73, 41.67),
	(20, TO_DATE('1999', 'YYYY'), 338231, 13.02, 14.55, 40.79),
	(21, TO_DATE('1990', 'YYYY'), 250516, 58.08, 62.12, 71.79),
	(22, TO_DATE('1991', 'YYYY'), 194639, 8.74, 23.73, 41.91),
	(23, TO_DATE('1992', 'YYYY'), 132475, 48.05, 51.33, 66.80),
	(24, TO_DATE('1993', 'YYYY'), 285292, 67.10, 93.65, 96.90),
	(25, TO_DATE('1994', 'YYYY'), 63520, 5.18, 6.20, 80.83),
	(26, TO_DATE('1995', 'YYYY'), 584281, 5.75, 31.57, 38.18),
	(27, TO_DATE('1996', 'YYYY'), 164918, 79.54, 84.14, 89.96),
	(28, TO_DATE('1997', 'YYYY'), 62441, 56.88, 58.74, 83.07),
	(29, TO_DATE('1998', 'YYYY'), 81356, 12.09, 46.82, 56.01),
	(30, TO_DATE('1999', 'YYYY'), 451817, 43.08, 45.97, 50.84),
	(31, TO_DATE('1990', 'YYYY'), 9081, 99.12, 99.70, 120.50),
	(32, TO_DATE('1991', 'YYYY'), 132100, 41.66, 85.68, 89.29),
	(33, TO_DATE('1992', 'YYYY'), 632243, 89.91, 111.02, 120.07),
	(34, TO_DATE('1993', 'YYYY'), 410188, 96.15, 111.85, 135.74),
	(35, TO_DATE('1994', 'YYYY'), 14650, 41.20, 91.30, 106.94),
	(36, TO_DATE('1995', 'YYYY'), 193252, 95.50, 112.37, 128.51),
	(37, TO_DATE('1996', 'YYYY'), 250175, 30.75, 37.83, 61.53),
	(38, TO_DATE('1997', 'YYYY'), 373012, 54.99, 93.21, 111.38),
	(39, TO_DATE('1998', 'YYYY'), 225350, 20.28, 69.93, 70.77),
	(40, TO_DATE('1999', 'YYYY'), 354775, 80.22, 93.33, 114.46),
	(41, TO_DATE('1990', 'YYYY'), 141908, 58.93, 60.04, 68.76),
	(42, TO_DATE('1991', 'YYYY'), 147090, 93.90, 109.61, 118.18),
	(43, TO_DATE('1992', 'YYYY'), 243170, 22.59, 40.78, 61.51),
	(44, TO_DATE('1993', 'YYYY'), 145936, 63.91, 71.05, 85.53),
	(45, TO_DATE('1994', 'YYYY'), 103637, 42.78, 72.26, 89.04),
	(46, TO_DATE('1995', 'YYYY'), 203372, 17.79, 23.84, 82.56),
	(47, TO_DATE('1996', 'YYYY'), 90204, 14.99, 21.17, 73.25),
	(48, TO_DATE('1997', 'YYYY'), 144559, 92.35, 101.86, 108.03),
	(49, TO_DATE('1998', 'YYYY'), 221945, 96.15, 98.99, 108.14),
	(50, TO_DATE('1999', 'YYYY'), 129595, 75.71, 78.34, 93.70),
	(51, TO_DATE('1990', 'YYYY'), 396255, 93.22, 97.23, 118.71),
	(52, TO_DATE('1991', 'YYYY'), 204573, 75.12, 75.15, 90.25),
	(53, TO_DATE('1992', 'YYYY'), 396540, 99.40, 122.35, 144.62),
	(54, TO_DATE('1993', 'YYYY'), 588389, 24.83, 64.99, 76.44),
	(55, TO_DATE('1994', 'YYYY'), 155708, 86.56, 99.71, 119.01),
	(56, TO_DATE('1995', 'YYYY'), 206131, 79.24, 85.28, 99.92),
	(57, TO_DATE('1996', 'YYYY'), 185066, 30.82, 46.57, 57.47),
	(58, TO_DATE('1997', 'YYYY'), 204695, 58.54, 66.34, 78.60),
	(59, TO_DATE('1998', 'YYYY'), 20357, 91.12, 97.73, 106.44),
	(60, TO_DATE('1999', 'YYYY'), 165737, 93.36, 99.39, 116.71),
	(61, TO_DATE('1990', 'YYYY'), 545181, 60.33, 69.10, 76.65),
	(62, TO_DATE('1991', 'YYYY'), 91016, 95.10, 107.56, 120.14),
	(63, TO_DATE('1992', 'YYYY'), 386252, 46.36, 83.19, 83.70),
	(64, TO_DATE('1993', 'YYYY'), 101809, 12.51, 15.79, 19.38),
	(65, TO_DATE('1994', 'YYYY'), 88499, 20.86, 32.48, 75.17),
	(66, TO_DATE('1995', 'YYYY'), 425919, 77.20, 96.22, 102.63),
	(67, TO_DATE('1996', 'YYYY'), 326835, 87.73, 92.25, 103.49),
	(68, TO_DATE('1997', 'YYYY'), 397139, 51.17, 54.99, 92.86),
	(69, TO_DATE('1998', 'YYYY'), 164240, 29.99, 36.98, 77.76),
	(70, TO_DATE('1999', 'YYYY'), 404773, 37.54, 44.96, 54.99),
	(71, TO_DATE('1990', 'YYYY'), 142377, 55.81, 69.87, 69.90),
	(72, TO_DATE('1991', 'YYYY'), 690883, 7.06, 8.16, 68.95),
	(73, TO_DATE('1992', 'YYYY'), 334685, 2.45, 3.03, 56.89),
	(74, TO_DATE('1993', 'YYYY'), 405620, 65.96, 76.93, 90.48),
	(75, TO_DATE('1994', 'YYYY'), 599478, 85.04, 88.80, 105.17),
	(76, TO_DATE('1995', 'YYYY'), 459739, 32.81, 33.14, 36.95),
	(77, TO_DATE('1996', 'YYYY'), 235047, 96.22, 98.63, 117.85),
	(78, TO_DATE('1997', 'YYYY'), 99957, 91.95, 95.24, 109.18),
	(79, TO_DATE('1998', 'YYYY'), 28009, 90.11, 108.40, 126.34),
	(80, TO_DATE('1999', 'YYYY'), 263633, 66.24, 79.19, 93.50),
	(81, TO_DATE('1990', 'YYYY'), 118074, 35.71, 41.75, 60.56),
	(82, TO_DATE('1991', 'YYYY'), 501254, 63.04, 70.11, 74.98),
	(83, TO_DATE('1992', 'YYYY'), 167519, 54.22, 87.92, 92.49),
	(84, TO_DATE('1993', 'YYYY'), 603983, 78.12, 84.91, 87.44),
	(85, TO_DATE('1994', 'YYYY'), 186131, 4.20, 5.98, 89.60),
	(86, TO_DATE('1995', 'YYYY'), 272347, 12.75, 88.37, 110.11),
	(87, TO_DATE('1996', 'YYYY'), 129777, 37.69, 82.56, 86.82),
	(88, TO_DATE('1997', 'YYYY'), 220178, 91.36, 106.96, 117.38),
	(89, TO_DATE('1998', 'YYYY'), 338043, 13.80, 50.44, 53.50),
	(90, TO_DATE('1999', 'YYYY'), 242344, 25.05, 40.45, 89.24),
	(91, TO_DATE('1990', 'YYYY'), 212944, 15.51, 16.67, 62.29),
	(92, TO_DATE('1991', 'YYYY'), 54858, 15.27, 17.85, 27.18),
	(93, TO_DATE('1992', 'YYYY'), 678253, 72.26, 73.07, 83.79),
	(94, TO_DATE('1993', 'YYYY'), 504964, 4.08, 50.43, 78.40),
	(95, TO_DATE('1994', 'YYYY'), 362408, 31.38, 81.78, 97.08),
	(96, TO_DATE('1995', 'YYYY'), 442581, 20.94, 97.31, 108.87),
	(97, TO_DATE('1996', 'YYYY'), 17118, 40.86, 46.11, 49.51),
	(98, TO_DATE('1997', 'YYYY'), 14847, 65.26, 67.35, 82.31),
	(99, TO_DATE('1998', 'YYYY'), 27267, 13.33, 64.69, 66.99),
	(100, TO_DATE('1999', 'YYYY'), 645349, 35.59, 64.66, 74.18),
	(101, TO_DATE('1990', 'YYYY'), 89467, 20.82, 45.35, 48.43),
	(102, TO_DATE('1991', 'YYYY'), 146845, 58.52, 68.09, 83.00),
	(103, TO_DATE('1992', 'YYYY'), 250268, 24.70, 83.92, 95.66),
	(104, TO_DATE('1993', 'YYYY'), 376665, 5.47, 16.40, 17.77),
	(105, TO_DATE('1994', 'YYYY'), 74916, 5.07, 67.42, 73.53),
	(106, TO_DATE('1995', 'YYYY'), 234260, 97.28, 107.76, 119.60),
	(107, TO_DATE('1996', 'YYYY'), 495532, 25.30, 92.28, 110.72),
	(108, TO_DATE('1997', 'YYYY'), 342425, 36.06, 98.23, 122.66),
	(109, TO_DATE('1998', 'YYYY'), 25982, 97.99, 100.16, 100.33),
	(110, TO_DATE('1999', 'YYYY'), 34371, 12.27, 78.14, 82.28),
	(111, TO_DATE('1990', 'YYYY'), 150401, 52.04, 61.83, 99.64),
	(112, TO_DATE('1991', 'YYYY'), 608016, 27.64, 29.75, 35.19),
	(113, TO_DATE('1992', 'YYYY'), 346983, 78.53, 84.86, 86.57),
	(114, TO_DATE('1993', 'YYYY'), 234429, 96.73, 105.57, 109.93),
	(115, TO_DATE('1994', 'YYYY'), 249563, 24.83, 43.71, 59.66),
	(116, TO_DATE('1995', 'YYYY'), 279428, 86.46, 105.52, 120.88),
	(117, TO_DATE('1996', 'YYYY'), 360351, 26.72, 81.71, 84.52),
	(118, TO_DATE('1997', 'YYYY'), 20370, 49.14, 54.00, 57.11),
	(119, TO_DATE('1998', 'YYYY'), 11383, 24.40, 33.11, 36.44),
	(120, TO_DATE('1999', 'YYYY'), 378307, 5.19, 7.69, 63.10),
	(121, TO_DATE('1990', 'YYYY'), 187062, 47.09, 48.85, 97.11),
	(122, TO_DATE('1991', 'YYYY'), 133380, 13.48, 93.20, 95.75),
	(123, TO_DATE('1992', 'YYYY'), 121821, 5.88, 34.69, 39.25),
	(124, TO_DATE('1993', 'YYYY'), 67864, 11.82, 57.83, 58.42),
	(125, TO_DATE('1994', 'YYYY'), 383448, 89.34, 110.99, 128.75),
	(126, TO_DATE('1995', 'YYYY'), 472965, 75.59, 89.98, 107.47),
	(127, TO_DATE('1996', 'YYYY'), 36733, 38.38, 85.77, 102.41),
	(128, TO_DATE('1997', 'YYYY'), 455617, 80.21, 89.05, 107.96),
	(129, TO_DATE('1998', 'YYYY'), 20549, 8.55, 11.93, 91.61),
	(130, TO_DATE('1999', 'YYYY'), 155150, 52.66, 64.41, 78.44),
	(131, TO_DATE('1990', 'YYYY'), 306408, 90.85, 102.45, 110.00),
	(132, TO_DATE('1991', 'YYYY'), 127945, 10.45, 11.94, 80.64),
	(133, TO_DATE('1992', 'YYYY'), 377971, 83.75, 96.60, 108.82),
	(134, TO_DATE('1993', 'YYYY'), 351284, 28.87, 80.60, 98.80),
	(135, TO_DATE('1994', 'YYYY'), 33121, 75.13, 79.45, 98.58),
	(136, TO_DATE('1995', 'YYYY'), 681450, 19.19, 19.39, 61.12),
	(137, TO_DATE('1996', 'YYYY'), 704322, 27.96, 88.47, 110.46),
	(138, TO_DATE('1997', 'YYYY'), 660907, 10.34, 71.56, 72.53),
	(139, TO_DATE('1998', 'YYYY'), 79547, 87.36, 96.56, 97.31),
	(140, TO_DATE('1999', 'YYYY'), 399986, 70.03, 70.10, 73.22),
	(141, TO_DATE('1990', 'YYYY'), 288358, 42.34, 63.36, 90.25),
	(142, TO_DATE('1991', 'YYYY'), 675190, 26.44, 60.10, 64.49),
	(143, TO_DATE('1992', 'YYYY'), 212016, 36.54, 42.91, 46.19),
	(144, TO_DATE('1993', 'YYYY'), 281071, 71.01, 90.98, 93.67),
	(145, TO_DATE('1994', 'YYYY'), 400223, 15.16, 95.11, 104.21),
	(146, TO_DATE('1995', 'YYYY'), 214396, 31.76, 85.94, 92.91),
	(147, TO_DATE('1996', 'YYYY'), 439910, 38.57, 39.43, 47.37),
	(148, TO_DATE('1997', 'YYYY'), 45971, 67.60, 72.14, 84.89),
	(149, TO_DATE('1998', 'YYYY'), 251339, 88.50, 97.85, 107.22),
	(150, TO_DATE('1999', 'YYYY'), 185540, 34.92, 40.61, 45.51),
	(151, TO_DATE('1990', 'YYYY'), 39235, 7.16, 98.26, 106.79),
	(152, TO_DATE('1991', 'YYYY'), 407848, 27.37, 95.57, 95.67),
	(153, TO_DATE('1992', 'YYYY'), 462093, 74.27, 74.48, 87.27),
	(154, TO_DATE('1993', 'YYYY'), 525642, 83.48, 100.24, 121.63),
	(155, TO_DATE('1994', 'YYYY'), 198466, 64.19, 66.94, 83.49),
	(156, TO_DATE('1995', 'YYYY'), 124556, 84.26, 99.53, 117.76),
	(157, TO_DATE('1996', 'YYYY'), 306244, 56.55, 59.03, 68.27),
	(158, TO_DATE('1997', 'YYYY'), 90577, 52.92, 92.45, 99.11),
	(159, TO_DATE('1998', 'YYYY'), 52790, 59.01, 71.54, 82.23),
	(160, TO_DATE('1999', 'YYYY'), 216817, 94.73, 102.65, 121.07),
	(161, TO_DATE('1990', 'YYYY'), 60031, 14.85, 80.30, 92.37),
	(162, TO_DATE('1991', 'YYYY'), 29609, 9.73, 49.13, 60.18),
	(163, TO_DATE('1992', 'YYYY'), 136749, 0.68, 9.39, 75.21),
	(164, TO_DATE('1993', 'YYYY'), 92717, 55.64, 92.35, 113.09),
	(165, TO_DATE('1994', 'YYYY'), 244561, 58.15, 90.64, 95.30),
	(166, TO_DATE('1995', 'YYYY'), 170472, 11.70, 81.45, 99.16),
	(167, TO_DATE('1996', 'YYYY'), 189554, 87.25, 88.59, 100.01),
	(168, TO_DATE('1997', 'YYYY'), 58932, 80.63, 89.43, 103.67),
	(169, TO_DATE('1998', 'YYYY'), 144479, 17.54, 41.48, 41.86),
	(170, TO_DATE('1999', 'YYYY'), 76005, 5.96, 48.38, 73.24),
	(171, TO_DATE('1990', 'YYYY'), 593614, 18.60, 31.02, 70.64),
	(172, TO_DATE('1991', 'YYYY'), 146261, 33.08, 36.00, 99.19),
	(173, TO_DATE('1992', 'YYYY'), 119750, 96.75, 110.60, 133.30),
	(174, TO_DATE('1993', 'YYYY'), 292307, 87.83, 99.14, 116.41),
	(175, TO_DATE('1994', 'YYYY'), 72574, 88.95, 108.80, 119.09),
	(176, TO_DATE('1995', 'YYYY'), 228134, 18.39, 26.40, 31.83),
	(177, TO_DATE('1996', 'YYYY'), 55562, 85.44, 95.66, 102.03),
	(178, TO_DATE('1997', 'YYYY'), 161318, 48.02, 89.16, 93.53),
	(179, TO_DATE('1998', 'YYYY'), 135955, 37.41, 43.95, 77.98),
	(180, TO_DATE('1999', 'YYYY'), 199324, 75.55, 78.79, 93.47),
	(181, TO_DATE('1990', 'YYYY'), 146664, 69.80, 83.68, 98.02),
	(182, TO_DATE('1991', 'YYYY'), 15042, 71.40, 79.23, 97.97),
	(183, TO_DATE('1992', 'YYYY'), 605642, 77.42, 81.63, 88.74),
	(184, TO_DATE('1993', 'YYYY'), 220967, 28.97, 55.72, 63.22),
	(185, TO_DATE('1994', 'YYYY'), 480550, 47.44, 70.75, 82.24),
	(186, TO_DATE('1995', 'YYYY'), 210922, 65.41, 66.37, 89.39),
	(187, TO_DATE('1996', 'YYYY'), 206411, 39.40, 48.37, 74.69),
	(188, TO_DATE('1997', 'YYYY'), 222715, 26.45, 31.74, 41.94),
	(189, TO_DATE('1998', 'YYYY'), 470969, 59.24, 82.03, 84.74),
	(190, TO_DATE('1999', 'YYYY'), 548080, 82.58, 98.30, 119.17),
	(191, TO_DATE('1990', 'YYYY'), 360024, 48.36, 49.61, 57.01),
	(192, TO_DATE('1991', 'YYYY'), 225403, 5.95, 60.64, 63.89),
	(193, TO_DATE('1992', 'YYYY'), 222766, 7.24, 34.73, 34.83),
	(194, TO_DATE('1993', 'YYYY'), 63624, 25.04, 27.14, 27.15),
	(195, TO_DATE('1994', 'YYYY'), 308065, 15.53, 26.21, 94.99),
	(196, TO_DATE('1995', 'YYYY'), 169613, 84.71, 104.69, 107.20),
	(197, TO_DATE('1996', 'YYYY'), 415579, 77.74, 78.51, 89.92),
	(198, TO_DATE('1997', 'YYYY'), 77478, 52.85, 56.33, 62.53),
	(199, TO_DATE('1998', 'YYYY'), 135545, 34.17, 41.05, 43.80),
	(200, TO_DATE('1999', 'YYYY'), 252351, 21.99, 67.99, 82.22),
	(201, TO_DATE('1990', 'YYYY'), 128260, 27.19, 51.10, 61.17),
	(202, TO_DATE('1991', 'YYYY'), 203898, 74.13, 81.01, 93.18),
	(203, TO_DATE('1992', 'YYYY'), 373358, 45.59, 80.55, 96.07),
	(204, TO_DATE('1993', 'YYYY'), 580834, 89.25, 110.66, 136.90),
	(205, TO_DATE('1994', 'YYYY'), 11003, 80.38, 97.97, 102.51),
	(206, TO_DATE('1995', 'YYYY'), 184530, 34.90, 35.91, 68.72),
	(207, TO_DATE('1996', 'YYYY'), 681735, 3.68, 76.32, 79.80),
	(208, TO_DATE('1997', 'YYYY'), 640661, 53.41, 65.68, 71.04),
	(209, TO_DATE('1998', 'YYYY'), 469449, 42.39, 92.17, 114.49),
	(210, TO_DATE('1999', 'YYYY'), 269773, 0.40, 47.16, 51.39),
	(211, TO_DATE('1990', 'YYYY'), 41720, 21.09, 62.34, 75.30),
	(212, TO_DATE('1991', 'YYYY'), 219818, 29.27, 85.01, 97.17),
	(213, TO_DATE('1992', 'YYYY'), 133095, 83.63, 85.29, 95.74),
	(214, TO_DATE('1993', 'YYYY'), 401759, 8.94, 59.59, 65.06),
	(215, TO_DATE('1994', 'YYYY'), 63995, 47.24, 56.69, 98.34),
	(216, TO_DATE('1995', 'YYYY'), 318875, 26.02, 69.96, 79.23),
	(217, TO_DATE('1996', 'YYYY'), 95082, 32.50, 63.12, 77.37),
	(218, TO_DATE('1997', 'YYYY'), 207800, 90.51, 112.93, 126.48),
	(219, TO_DATE('1998', 'YYYY'), 232593, 32.38, 86.29, 89.94),
	(220, TO_DATE('1999', 'YYYY'), 200897, 56.44, 65.88, 68.53),
	(221, TO_DATE('1990', 'YYYY'), 177237, 58.23, 67.37, 73.27),
	(222, TO_DATE('1991', 'YYYY'), 258355, 37.33, 82.58, 89.94),
	(223, TO_DATE('1992', 'YYYY'), 387556, 0.56, 31.56, 87.73),
	(224, TO_DATE('1993', 'YYYY'), 620575, 0.96, 5.31, 82.89),
	(225, TO_DATE('1994', 'YYYY'), 175861, 71.17, 84.95, 94.27),
	(226, TO_DATE('1995', 'YYYY'), 252275, 86.74, 104.27, 104.37),
	(227, TO_DATE('1996', 'YYYY'), 52617, 92.23, 97.02, 112.83),
	(228, TO_DATE('1997', 'YYYY'), 24599, 67.27, 69.12, 70.73),
	(229, TO_DATE('1998', 'YYYY'), 185520, 60.77, 62.05, 82.93),
	(230, TO_DATE('1999', 'YYYY'), 314791, 75.51, 87.20, 101.98),
	(231, TO_DATE('1990', 'YYYY'), 17220, 44.56, 51.84, 80.21),
	(232, TO_DATE('1991', 'YYYY'), 52093, 54.61, 66.51, 74.71),
	(233, TO_DATE('1992', 'YYYY'), 279670, 87.64, 94.90, 108.81),
	(234, TO_DATE('1993', 'YYYY'), 507168, 14.95, 43.47, 51.13),
	(235, TO_DATE('1994', 'YYYY'), 31438, 91.63, 103.51, 127.60),
	(236, TO_DATE('1995', 'YYYY'), 551684, 7.12, 50.06, 59.87),
	(237, TO_DATE('1996', 'YYYY'), 428596, 58.46, 88.25, 104.20),
	(238, TO_DATE('1997', 'YYYY'), 151240, 28.69, 93.27, 99.24),
	(239, TO_DATE('1998', 'YYYY'), 50705, 16.95, 24.52, 47.02),
	(240, TO_DATE('1999', 'YYYY'), 158250, 34.98, 93.26, 114.14),
	(241, TO_DATE('1990', 'YYYY'), 89296, 3.57, 66.86, 72.96),
	(242, TO_DATE('1991', 'YYYY'), 249438, 16.61, 86.52, 91.47),
	(243, TO_DATE('1992', 'YYYY'), 356951, 99.92, 109.86, 128.31),
	(244, TO_DATE('1993', 'YYYY'), 233398, 45.52, 66.61, 66.76),
	(245, TO_DATE('1994', 'YYYY'), 193567, 90.82, 105.90, 107.43),
	(246, TO_DATE('1995', 'YYYY'), 492648, 28.74, 72.81, 86.64),
	(247, TO_DATE('1996', 'YYYY'), 510048, 31.00, 76.49, 91.39),
	(248, TO_DATE('1997', 'YYYY'), 582085, 56.31, 60.16, 72.49),
	(249, TO_DATE('1998', 'YYYY'), 135812, 72.63, 83.99, 99.14),
	(250, TO_DATE('1999', 'YYYY'), 357173, 38.69, 46.27, 52.21),
	(251, TO_DATE('1990', 'YYYY'), 555775, 55.70, 60.23, 64.86),
	(252, TO_DATE('1991', 'YYYY'), 70914, 43.18, 44.83, 56.94),
	(253, TO_DATE('1992', 'YYYY'), 252431, 4.98, 60.82, 61.85),
	(254, TO_DATE('1993', 'YYYY'), 216791, 17.75, 76.18, 89.99),
	(255, TO_DATE('1994', 'YYYY'), 234452, 82.18, 94.42, 95.22),
	(256, TO_DATE('1995', 'YYYY'), 62673, 57.22, 64.62, 76.61),
	(257, TO_DATE('1996', 'YYYY'), 402164, 95.18, 112.71, 122.32),
	(258, TO_DATE('1997', 'YYYY'), 214781, 21.92, 88.15, 105.34),
	(259, TO_DATE('1998', 'YYYY'), 176273, 46.63, 83.82, 99.74),
	(260, TO_DATE('1999', 'YYYY'), 303908, 26.84, 32.93, 79.86),
	(261, TO_DATE('1990', 'YYYY'), 643750, 3.80, 60.92, 64.84),
	(262, TO_DATE('1991', 'YYYY'), 232225, 43.01, 43.37, 94.26),
	(263, TO_DATE('1992', 'YYYY'), 186407, 85.74, 98.64, 105.80),
	(264, TO_DATE('1993', 'YYYY'), 121383, 55.99, 59.44, 61.47),
	(265, TO_DATE('1994', 'YYYY'), 391492, 49.72, 63.87, 71.98),
	(266, TO_DATE('1995', 'YYYY'), 562586, 11.80, 55.34, 98.56),
	(267, TO_DATE('1996', 'YYYY'), 182788, 84.93, 95.45, 118.85),
	(268, TO_DATE('1997', 'YYYY'), 113535, 53.24, 60.40, 63.86),
	(269, TO_DATE('1998', 'YYYY'), 156822, 45.50, 55.97, 63.18),
	(270, TO_DATE('1999', 'YYYY'), 144476, 92.79, 101.42, 103.60),
	(271, TO_DATE('1990', 'YYYY'), 683851, 26.47, 74.26, 89.75),
	(272, TO_DATE('1991', 'YYYY'), 338804, 62.09, 77.41, 77.44),
	(273, TO_DATE('1992', 'YYYY'), 161053, 92.16, 114.69, 119.47),
	(274, TO_DATE('1993', 'YYYY'), 459807, 4.30, 40.38, 96.74),
	(275, TO_DATE('1994', 'YYYY'), 11298, 47.29, 53.25, 61.02),
	(276, TO_DATE('1995', 'YYYY'), 14906, 77.83, 89.25, 103.79),
	(277, TO_DATE('1996', 'YYYY'), 55186, 40.41, 46.88, 88.05),
	(278, TO_DATE('1997', 'YYYY'), 20962, 90.81, 92.24, 110.47),
	(279, TO_DATE('1998', 'YYYY'), 202915, 25.42, 41.05, 98.45),
	(280, TO_DATE('1999', 'YYYY'), 106648, 48.10, 63.17, 68.57);
INSERT INTO product_year_join(product_id, year_id)
VALUES
	(1, 1),
	(1, 2),
	(1, 3),
	(1, 4),
	(1, 5),
	(1, 6),
	(1, 7),
	(1, 8),
	(1, 9),
	(1, 10),
	(2, 11),
	(2, 12),
	(2, 13),
	(2, 14),
	(2, 15),
	(2, 16),
	(2, 17),
	(2, 18),
	(2, 19),
	(2, 20),
	(3, 21),
	(3, 22),
	(3, 23),
	(3, 24),
	(3, 25),
	(3, 26),
	(3, 27),
	(3, 28),
	(3, 29),
	(3, 30),
	(4, 31),
	(4, 32),
	(4, 33),
	(4, 34),
	(4, 35),
	(4, 36),
	(4, 37),
	(4, 38),
	(4, 39),
	(4, 40),
	(5, 41),
	(5, 42),
	(5, 43),
	(5, 44),
	(5, 45),
	(5, 46),
	(5, 47),
	(5, 48),
	(5, 49),
	(5, 50),
	(6, 51),
	(6, 52),
	(6, 53),
	(6, 54),
	(6, 55),
	(6, 56),
	(6, 57),
	(6, 58),
	(6, 59),
	(6, 60),
	(7, 61),
	(7, 62),
	(7, 63),
	(7, 64),
	(7, 65),
	(7, 66),
	(7, 67),
	(7, 68),
	(7, 69),
	(7, 70),
	(8, 71),
	(8, 72),
	(8, 73),
	(8, 74),
	(8, 75),
	(8, 76),
	(8, 77),
	(8, 78),
	(8, 79),
	(8, 80),
	(9, 81),
	(9, 82),
	(9, 83),
	(9, 84),
	(9, 85),
	(9, 86),
	(9, 87),
	(9, 88),
	(9, 89),
	(9, 90),
	(10, 91),
	(10, 92),
	(10, 93),
	(10, 94),
	(10, 95),
	(10, 96),
	(10, 97),
	(10, 98),
	(10, 99),
	(10, 100),
	(11, 101),
	(11, 102),
	(11, 103),
	(11, 104),
	(11, 105),
	(11, 106),
	(11, 107),
	(11, 108),
	(11, 109),
	(11, 110),
	(12, 111),
	(12, 112),
	(12, 113),
	(12, 114),
	(12, 115),
	(12, 116),
	(12, 117),
	(12, 118),
	(12, 119),
	(12, 120),
	(13, 121),
	(13, 122),
	(13, 123),
	(13, 124),
	(13, 125),
	(13, 126),
	(13, 127),
	(13, 128),
	(13, 129),
	(13, 130),
	(14, 131),
	(14, 132),
	(14, 133),
	(14, 134),
	(14, 135),
	(14, 136),
	(14, 137),
	(14, 138),
	(14, 139),
	(14, 140),
	(15, 141),
	(15, 142),
	(15, 143),
	(15, 144),
	(15, 145),
	(15, 146),
	(15, 147),
	(15, 148),
	(15, 149),
	(15, 150),
	(16, 151),
	(16, 152),
	(16, 153),
	(16, 154),
	(16, 155),
	(16, 156),
	(16, 157),
	(16, 158),
	(16, 159),
	(16, 160),
	(17, 161),
	(17, 162),
	(17, 163),
	(17, 164),
	(17, 165),
	(17, 166),
	(17, 167),
	(17, 168),
	(17, 169),
	(17, 170),
	(18, 171),
	(18, 172),
	(18, 173),
	(18, 174),
	(18, 175),
	(18, 176),
	(18, 177),
	(18, 178),
	(18, 179),
	(18, 180),
	(19, 181),
	(19, 182),
	(19, 183),
	(19, 184),
	(19, 185),
	(19, 186),
	(19, 187),
	(19, 188),
	(19, 189),
	(19, 190),
	(20, 191),
	(20, 192),
	(20, 193),
	(20, 194),
	(20, 195),
	(20, 196),
	(20, 197),
	(20, 198),
	(20, 199),
	(20, 200),
	(21, 201),
	(21, 202),
	(21, 203),
	(21, 204),
	(21, 205),
	(21, 206),
	(21, 207),
	(21, 208),
	(21, 209),
	(21, 210),
	(22, 211),
	(22, 212),
	(22, 213),
	(22, 214),
	(22, 215),
	(22, 216),
	(22, 217),
	(22, 218),
	(22, 219),
	(22, 220),
	(23, 221),
	(23, 222),
	(23, 223),
	(23, 224),
	(23, 225),
	(23, 226),
	(23, 227),
	(23, 228),
	(23, 229),
	(23, 230),
	(24, 231),
	(24, 232),
	(24, 233),
	(24, 234),
	(24, 235),
	(24, 236),
	(24, 237),
	(24, 238),
	(24, 239),
	(24, 240),
	(25, 241),
	(25, 242),
	(25, 243),
	(25, 244),
	(25, 245),
	(25, 246),
	(25, 247),
	(25, 248),
	(25, 249),
	(25, 250),
	(26, 251),
	(26, 252),
	(26, 253),
	(26, 254),
	(26, 255),
	(26, 256),
	(26, 257),
	(26, 258),
	(26, 259),
	(26, 260),
	(27, 261),
	(27, 262),
	(27, 263),
	(27, 264),
	(27, 265),
	(27, 266),
	(27, 267),
	(27, 268),
	(27, 269),
	(27, 270),
	(28, 271),
	(28, 272),
	(28, 273),
	(28, 274),
	(28, 275),
	(28, 276),
	(28, 277),
	(28, 278),
	(28, 279),
	(28, 280);
