INSERT INTO products(product_id, product_name, amount_in_stock, production_cost, distribution_cost, retail_price)
VALUES
	(1, 'Hammer', 441360, 72.65, 80.96, 88.17),
	(2, 'Nails', 140399, 13.55, 59.32, 69.48),
	(3, 'Screwdriver', 607503, 4.08, 9.14, 97.51),
	(4, 'Uranium-238 (5 kg)', 718575, 6.94, 24.09, 95.42),
	(5, 'Turnip Flavored Grenades', 375838, 43.49, 51.37, 91.85),
	(6, 'Iron Anvil', 132745, 56.33, 73.18, 94.67),
	(7, 'Mk. 2000 Ray Gun', 376179, 44.22, 46.74, 84.97),
	(8, 'ACME Inc. Dynamite', 927169, 78.91, 89.48, 96.11),
	(9, 'Cactus Football', 978295, 58.33, 60.93, 62.54),
	(10, 'Antimatter Egg', 529233, 76.49, 83.97, 101.66),
	(11, 'Soul of Harambe', 941999, 35.74, 78.17, 97.21),
	(12, 'Mint Air Freshener', 300450, 2.26, 53.55, 64.08),
	(13, 'Black Powder Bomb', 177129, 4.91, 29.16, 33.92),
	(14, 'Broken Surge Protector', 894743, 2.33, 21.30, 61.95),
	(15, 'Broken 5GB USB Drive', 462077, 68.03, 80.93, 90.22),
	(16, 'Penny', 810424, 96.93, 106.99, 125.23),
	(17, 'Orb of Time and Space', 666345, 75.70, 75.79, 83.98),
	(18, 'Bread Sandwich', 585524, 26.70, 27.82, 32.74),
	(19, 'Lead Binnoculars', 680593, 85.96, 90.87, 95.96),
	(20, 'Plutonium-239 (5 kg)', 274504, 44.41, 53.51, 60.70),
	(21, 'Far Cry 4', 804378, 71.57, 78.47, 89.00),
	(22, 'Lord of the Wings', 685416, 81.87, 92.95, 113.38),
	(23, 'Big Mac 2', 406813, 19.39, 49.95, 96.83),
	(24, 'Whoopie Cushion', 422912, 8.47, 95.30, 95.41),
	(25, 'Notepad--', 466017, 95.39, 98.72, 110.39),
	(26, 'Eaten Wizard Hat', 187251, 6.51, 69.09, 84.52),
	(27, 'Wizard Lizard ', 628681, 59.95, 89.62, 103.08);
INSERT INTO sales(sales_id, year, units_sold)
VALUES
	(1, TO_DATE('1990', 'YYYY'), 979485),
	(2, TO_DATE('1991', 'YYYY'), 971620),
	(3, TO_DATE('1992', 'YYYY'), 903872),
	(4, TO_DATE('1993', 'YYYY'), 983863),
	(5, TO_DATE('1994', 'YYYY'), 839983),
	(6, TO_DATE('1995', 'YYYY'), 898080),
	(7, TO_DATE('1996', 'YYYY'), 999335),
	(8, TO_DATE('1997', 'YYYY'), 925398),
	(9, TO_DATE('1998', 'YYYY'), 868111),
	(10, TO_DATE('1999', 'YYYY'), 802079),
	(11, TO_DATE('2000', 'YYYY'), 989242),
	(12, TO_DATE('2001', 'YYYY'), 991275),
	(13, TO_DATE('2002', 'YYYY'), 978580),
	(14, TO_DATE('2003', 'YYYY'), 875035),
	(15, TO_DATE('2004', 'YYYY'), 924862),
	(16, TO_DATE('1990', 'YYYY'), 801491),
	(17, TO_DATE('1991', 'YYYY'), 951305),
	(18, TO_DATE('1992', 'YYYY'), 847167),
	(19, TO_DATE('1993', 'YYYY'), 807099),
	(20, TO_DATE('1994', 'YYYY'), 933673),
	(21, TO_DATE('1995', 'YYYY'), 825937),
	(22, TO_DATE('1996', 'YYYY'), 924635),
	(23, TO_DATE('1997', 'YYYY'), 901565),
	(24, TO_DATE('1998', 'YYYY'), 929540),
	(25, TO_DATE('1999', 'YYYY'), 807187),
	(26, TO_DATE('2000', 'YYYY'), 829682),
	(27, TO_DATE('2001', 'YYYY'), 913734),
	(28, TO_DATE('2002', 'YYYY'), 952220),
	(29, TO_DATE('2003', 'YYYY'), 894949),
	(30, TO_DATE('2004', 'YYYY'), 878970),
	(31, TO_DATE('1990', 'YYYY'), 888108),
	(32, TO_DATE('1991', 'YYYY'), 874435),
	(33, TO_DATE('1992', 'YYYY'), 966943),
	(34, TO_DATE('1993', 'YYYY'), 991980),
	(35, TO_DATE('1994', 'YYYY'), 858298),
	(36, TO_DATE('1995', 'YYYY'), 806926),
	(37, TO_DATE('1996', 'YYYY'), 806412),
	(38, TO_DATE('1997', 'YYYY'), 973985),
	(39, TO_DATE('1998', 'YYYY'), 848676),
	(40, TO_DATE('1999', 'YYYY'), 874524),
	(41, TO_DATE('2000', 'YYYY'), 976064),
	(42, TO_DATE('2001', 'YYYY'), 954271),
	(43, TO_DATE('2002', 'YYYY'), 865799),
	(44, TO_DATE('2003', 'YYYY'), 870997),
	(45, TO_DATE('2004', 'YYYY'), 829306),
	(46, TO_DATE('1990', 'YYYY'), 990662),
	(47, TO_DATE('1991', 'YYYY'), 872488),
	(48, TO_DATE('1992', 'YYYY'), 896963),
	(49, TO_DATE('1993', 'YYYY'), 954181),
	(50, TO_DATE('1994', 'YYYY'), 995939),
	(51, TO_DATE('1995', 'YYYY'), 830637),
	(52, TO_DATE('1996', 'YYYY'), 896470),
	(53, TO_DATE('1997', 'YYYY'), 920575),
	(54, TO_DATE('1998', 'YYYY'), 848554),
	(55, TO_DATE('1999', 'YYYY'), 826010),
	(56, TO_DATE('2000', 'YYYY'), 844114),
	(57, TO_DATE('2001', 'YYYY'), 878236),
	(58, TO_DATE('2002', 'YYYY'), 939745),
	(59, TO_DATE('2003', 'YYYY'), 996334),
	(60, TO_DATE('2004', 'YYYY'), 973185),
	(61, TO_DATE('1990', 'YYYY'), 935067),
	(62, TO_DATE('1991', 'YYYY'), 884442),
	(63, TO_DATE('1992', 'YYYY'), 847620),
	(64, TO_DATE('1993', 'YYYY'), 818362),
	(65, TO_DATE('1994', 'YYYY'), 992774),
	(66, TO_DATE('1995', 'YYYY'), 822270),
	(67, TO_DATE('1996', 'YYYY'), 825288),
	(68, TO_DATE('1997', 'YYYY'), 999187),
	(69, TO_DATE('1998', 'YYYY'), 996255),
	(70, TO_DATE('1999', 'YYYY'), 873965),
	(71, TO_DATE('2000', 'YYYY'), 990063),
	(72, TO_DATE('2001', 'YYYY'), 888672),
	(73, TO_DATE('2002', 'YYYY'), 828236),
	(74, TO_DATE('2003', 'YYYY'), 855862),
	(75, TO_DATE('2004', 'YYYY'), 959669),
	(76, TO_DATE('1990', 'YYYY'), 857542),
	(77, TO_DATE('1991', 'YYYY'), 962876),
	(78, TO_DATE('1992', 'YYYY'), 948509),
	(79, TO_DATE('1993', 'YYYY'), 954506),
	(80, TO_DATE('1994', 'YYYY'), 833409),
	(81, TO_DATE('1995', 'YYYY'), 944449),
	(82, TO_DATE('1996', 'YYYY'), 901495),
	(83, TO_DATE('1997', 'YYYY'), 846232),
	(84, TO_DATE('1998', 'YYYY'), 981376),
	(85, TO_DATE('1999', 'YYYY'), 950049),
	(86, TO_DATE('2000', 'YYYY'), 988594),
	(87, TO_DATE('2001', 'YYYY'), 941842),
	(88, TO_DATE('2002', 'YYYY'), 944637),
	(89, TO_DATE('2003', 'YYYY'), 844691),
	(90, TO_DATE('2004', 'YYYY'), 938177),
	(91, TO_DATE('1990', 'YYYY'), 834174),
	(92, TO_DATE('1991', 'YYYY'), 979759),
	(93, TO_DATE('1992', 'YYYY'), 938971),
	(94, TO_DATE('1993', 'YYYY'), 881795),
	(95, TO_DATE('1994', 'YYYY'), 998121),
	(96, TO_DATE('1995', 'YYYY'), 931746),
	(97, TO_DATE('1996', 'YYYY'), 820417),
	(98, TO_DATE('1997', 'YYYY'), 939762),
	(99, TO_DATE('1998', 'YYYY'), 847285),
	(100, TO_DATE('1999', 'YYYY'), 933025),
	(101, TO_DATE('2000', 'YYYY'), 813727),
	(102, TO_DATE('2001', 'YYYY'), 837348),
	(103, TO_DATE('2002', 'YYYY'), 821697),
	(104, TO_DATE('2003', 'YYYY'), 841963),
	(105, TO_DATE('2004', 'YYYY'), 809562),
	(106, TO_DATE('1990', 'YYYY'), 897718),
	(107, TO_DATE('1991', 'YYYY'), 815857),
	(108, TO_DATE('1992', 'YYYY'), 888791),
	(109, TO_DATE('1993', 'YYYY'), 846227),
	(110, TO_DATE('1994', 'YYYY'), 886715),
	(111, TO_DATE('1995', 'YYYY'), 922200),
	(112, TO_DATE('1996', 'YYYY'), 907028),
	(113, TO_DATE('1997', 'YYYY'), 904562),
	(114, TO_DATE('1998', 'YYYY'), 968432),
	(115, TO_DATE('1999', 'YYYY'), 804756),
	(116, TO_DATE('2000', 'YYYY'), 854611),
	(117, TO_DATE('2001', 'YYYY'), 957027),
	(118, TO_DATE('2002', 'YYYY'), 946599),
	(119, TO_DATE('2003', 'YYYY'), 999248),
	(120, TO_DATE('2004', 'YYYY'), 801718),
	(121, TO_DATE('1990', 'YYYY'), 801128),
	(122, TO_DATE('1991', 'YYYY'), 833423),
	(123, TO_DATE('1992', 'YYYY'), 897829),
	(124, TO_DATE('1993', 'YYYY'), 940099),
	(125, TO_DATE('1994', 'YYYY'), 831570),
	(126, TO_DATE('1995', 'YYYY'), 812303),
	(127, TO_DATE('1996', 'YYYY'), 988197),
	(128, TO_DATE('1997', 'YYYY'), 968339),
	(129, TO_DATE('1998', 'YYYY'), 952065),
	(130, TO_DATE('1999', 'YYYY'), 951834),
	(131, TO_DATE('2000', 'YYYY'), 901364),
	(132, TO_DATE('2001', 'YYYY'), 882144),
	(133, TO_DATE('2002', 'YYYY'), 989182),
	(134, TO_DATE('2003', 'YYYY'), 923061),
	(135, TO_DATE('2004', 'YYYY'), 924107),
	(136, TO_DATE('1990', 'YYYY'), 998745),
	(137, TO_DATE('1991', 'YYYY'), 937131),
	(138, TO_DATE('1992', 'YYYY'), 856316),
	(139, TO_DATE('1993', 'YYYY'), 887536),
	(140, TO_DATE('1994', 'YYYY'), 983359),
	(141, TO_DATE('1995', 'YYYY'), 859384),
	(142, TO_DATE('1996', 'YYYY'), 926088),
	(143, TO_DATE('1997', 'YYYY'), 806739),
	(144, TO_DATE('1998', 'YYYY'), 963946),
	(145, TO_DATE('1999', 'YYYY'), 810873),
	(146, TO_DATE('2000', 'YYYY'), 811496),
	(147, TO_DATE('2001', 'YYYY'), 818558),
	(148, TO_DATE('2002', 'YYYY'), 967900),
	(149, TO_DATE('2003', 'YYYY'), 874447),
	(150, TO_DATE('2004', 'YYYY'), 934158),
	(151, TO_DATE('1990', 'YYYY'), 885970),
	(152, TO_DATE('1991', 'YYYY'), 875575),
	(153, TO_DATE('1992', 'YYYY'), 883933),
	(154, TO_DATE('1993', 'YYYY'), 900152),
	(155, TO_DATE('1994', 'YYYY'), 932026),
	(156, TO_DATE('1995', 'YYYY'), 831855),
	(157, TO_DATE('1996', 'YYYY'), 912455),
	(158, TO_DATE('1997', 'YYYY'), 920224),
	(159, TO_DATE('1998', 'YYYY'), 800195),
	(160, TO_DATE('1999', 'YYYY'), 980872),
	(161, TO_DATE('2000', 'YYYY'), 988410),
	(162, TO_DATE('2001', 'YYYY'), 817911),
	(163, TO_DATE('2002', 'YYYY'), 863016),
	(164, TO_DATE('2003', 'YYYY'), 977593),
	(165, TO_DATE('2004', 'YYYY'), 857325),
	(166, TO_DATE('1990', 'YYYY'), 903475),
	(167, TO_DATE('1991', 'YYYY'), 892690),
	(168, TO_DATE('1992', 'YYYY'), 994456),
	(169, TO_DATE('1993', 'YYYY'), 876143),
	(170, TO_DATE('1994', 'YYYY'), 896578),
	(171, TO_DATE('1995', 'YYYY'), 894167),
	(172, TO_DATE('1996', 'YYYY'), 935527),
	(173, TO_DATE('1997', 'YYYY'), 822666),
	(174, TO_DATE('1998', 'YYYY'), 900907),
	(175, TO_DATE('1999', 'YYYY'), 899474),
	(176, TO_DATE('2000', 'YYYY'), 833539),
	(177, TO_DATE('2001', 'YYYY'), 828755),
	(178, TO_DATE('2002', 'YYYY'), 834384),
	(179, TO_DATE('2003', 'YYYY'), 917791),
	(180, TO_DATE('2004', 'YYYY'), 903202),
	(181, TO_DATE('1990', 'YYYY'), 884894),
	(182, TO_DATE('1991', 'YYYY'), 920114),
	(183, TO_DATE('1992', 'YYYY'), 895129),
	(184, TO_DATE('1993', 'YYYY'), 885180),
	(185, TO_DATE('1994', 'YYYY'), 820266),
	(186, TO_DATE('1995', 'YYYY'), 827155),
	(187, TO_DATE('1996', 'YYYY'), 833387),
	(188, TO_DATE('1997', 'YYYY'), 932721),
	(189, TO_DATE('1998', 'YYYY'), 863731),
	(190, TO_DATE('1999', 'YYYY'), 833582),
	(191, TO_DATE('2000', 'YYYY'), 829945),
	(192, TO_DATE('2001', 'YYYY'), 852142),
	(193, TO_DATE('2002', 'YYYY'), 967846),
	(194, TO_DATE('2003', 'YYYY'), 892961),
	(195, TO_DATE('2004', 'YYYY'), 946087),
	(196, TO_DATE('1990', 'YYYY'), 825171),
	(197, TO_DATE('1991', 'YYYY'), 996436),
	(198, TO_DATE('1992', 'YYYY'), 838777),
	(199, TO_DATE('1993', 'YYYY'), 819627),
	(200, TO_DATE('1994', 'YYYY'), 872579),
	(201, TO_DATE('1995', 'YYYY'), 935355),
	(202, TO_DATE('1996', 'YYYY'), 913795),
	(203, TO_DATE('1997', 'YYYY'), 924459),
	(204, TO_DATE('1998', 'YYYY'), 874373),
	(205, TO_DATE('1999', 'YYYY'), 931054),
	(206, TO_DATE('2000', 'YYYY'), 940285),
	(207, TO_DATE('2001', 'YYYY'), 824265),
	(208, TO_DATE('2002', 'YYYY'), 876161),
	(209, TO_DATE('2003', 'YYYY'), 974669),
	(210, TO_DATE('2004', 'YYYY'), 858408),
	(211, TO_DATE('1990', 'YYYY'), 895715),
	(212, TO_DATE('1991', 'YYYY'), 975915),
	(213, TO_DATE('1992', 'YYYY'), 978522),
	(214, TO_DATE('1993', 'YYYY'), 990844),
	(215, TO_DATE('1994', 'YYYY'), 861095),
	(216, TO_DATE('1995', 'YYYY'), 998788),
	(217, TO_DATE('1996', 'YYYY'), 934351),
	(218, TO_DATE('1997', 'YYYY'), 894483),
	(219, TO_DATE('1998', 'YYYY'), 847861),
	(220, TO_DATE('1999', 'YYYY'), 998083),
	(221, TO_DATE('2000', 'YYYY'), 844417),
	(222, TO_DATE('2001', 'YYYY'), 877806),
	(223, TO_DATE('2002', 'YYYY'), 966577),
	(224, TO_DATE('2003', 'YYYY'), 928615),
	(225, TO_DATE('2004', 'YYYY'), 887119),
	(226, TO_DATE('1990', 'YYYY'), 912664),
	(227, TO_DATE('1991', 'YYYY'), 953786),
	(228, TO_DATE('1992', 'YYYY'), 883555),
	(229, TO_DATE('1993', 'YYYY'), 951441),
	(230, TO_DATE('1994', 'YYYY'), 889766),
	(231, TO_DATE('1995', 'YYYY'), 872487),
	(232, TO_DATE('1996', 'YYYY'), 803148),
	(233, TO_DATE('1997', 'YYYY'), 919913),
	(234, TO_DATE('1998', 'YYYY'), 913298),
	(235, TO_DATE('1999', 'YYYY'), 993873),
	(236, TO_DATE('2000', 'YYYY'), 850967),
	(237, TO_DATE('2001', 'YYYY'), 853583),
	(238, TO_DATE('2002', 'YYYY'), 934490),
	(239, TO_DATE('2003', 'YYYY'), 927128),
	(240, TO_DATE('2004', 'YYYY'), 828252),
	(241, TO_DATE('1990', 'YYYY'), 992899),
	(242, TO_DATE('1991', 'YYYY'), 822843),
	(243, TO_DATE('1992', 'YYYY'), 920519),
	(244, TO_DATE('1993', 'YYYY'), 971421),
	(245, TO_DATE('1994', 'YYYY'), 930039),
	(246, TO_DATE('1995', 'YYYY'), 897967),
	(247, TO_DATE('1996', 'YYYY'), 970210),
	(248, TO_DATE('1997', 'YYYY'), 864390),
	(249, TO_DATE('1998', 'YYYY'), 908802),
	(250, TO_DATE('1999', 'YYYY'), 934423),
	(251, TO_DATE('2000', 'YYYY'), 978825),
	(252, TO_DATE('2001', 'YYYY'), 953219),
	(253, TO_DATE('2002', 'YYYY'), 812230),
	(254, TO_DATE('2003', 'YYYY'), 945402),
	(255, TO_DATE('2004', 'YYYY'), 998187),
	(256, TO_DATE('1990', 'YYYY'), 815701),
	(257, TO_DATE('1991', 'YYYY'), 858066),
	(258, TO_DATE('1992', 'YYYY'), 951973),
	(259, TO_DATE('1993', 'YYYY'), 899257),
	(260, TO_DATE('1994', 'YYYY'), 925859),
	(261, TO_DATE('1995', 'YYYY'), 841739),
	(262, TO_DATE('1996', 'YYYY'), 888096),
	(263, TO_DATE('1997', 'YYYY'), 845359),
	(264, TO_DATE('1998', 'YYYY'), 878004),
	(265, TO_DATE('1999', 'YYYY'), 801394),
	(266, TO_DATE('2000', 'YYYY'), 955585),
	(267, TO_DATE('2001', 'YYYY'), 928971),
	(268, TO_DATE('2002', 'YYYY'), 854977),
	(269, TO_DATE('2003', 'YYYY'), 890075),
	(270, TO_DATE('2004', 'YYYY'), 972451),
	(271, TO_DATE('1990', 'YYYY'), 999581),
	(272, TO_DATE('1991', 'YYYY'), 882974),
	(273, TO_DATE('1992', 'YYYY'), 911646),
	(274, TO_DATE('1993', 'YYYY'), 920100),
	(275, TO_DATE('1994', 'YYYY'), 854396),
	(276, TO_DATE('1995', 'YYYY'), 958037),
	(277, TO_DATE('1996', 'YYYY'), 818067),
	(278, TO_DATE('1997', 'YYYY'), 940958),
	(279, TO_DATE('1998', 'YYYY'), 822428),
	(280, TO_DATE('1999', 'YYYY'), 926869),
	(281, TO_DATE('2000', 'YYYY'), 991733),
	(282, TO_DATE('2001', 'YYYY'), 917605),
	(283, TO_DATE('2002', 'YYYY'), 996441),
	(284, TO_DATE('2003', 'YYYY'), 920315),
	(285, TO_DATE('2004', 'YYYY'), 863008),
	(286, TO_DATE('1990', 'YYYY'), 994628),
	(287, TO_DATE('1991', 'YYYY'), 936017),
	(288, TO_DATE('1992', 'YYYY'), 837426),
	(289, TO_DATE('1993', 'YYYY'), 862953),
	(290, TO_DATE('1994', 'YYYY'), 951626),
	(291, TO_DATE('1995', 'YYYY'), 879638),
	(292, TO_DATE('1996', 'YYYY'), 821045),
	(293, TO_DATE('1997', 'YYYY'), 839722),
	(294, TO_DATE('1998', 'YYYY'), 841349),
	(295, TO_DATE('1999', 'YYYY'), 899049),
	(296, TO_DATE('2000', 'YYYY'), 957468),
	(297, TO_DATE('2001', 'YYYY'), 996934),
	(298, TO_DATE('2002', 'YYYY'), 944373),
	(299, TO_DATE('2003', 'YYYY'), 928797),
	(300, TO_DATE('2004', 'YYYY'), 803362),
	(301, TO_DATE('1990', 'YYYY'), 833176),
	(302, TO_DATE('1991', 'YYYY'), 928378),
	(303, TO_DATE('1992', 'YYYY'), 886336),
	(304, TO_DATE('1993', 'YYYY'), 944823),
	(305, TO_DATE('1994', 'YYYY'), 964830),
	(306, TO_DATE('1995', 'YYYY'), 857084),
	(307, TO_DATE('1996', 'YYYY'), 819212),
	(308, TO_DATE('1997', 'YYYY'), 982898),
	(309, TO_DATE('1998', 'YYYY'), 914394),
	(310, TO_DATE('1999', 'YYYY'), 841640),
	(311, TO_DATE('2000', 'YYYY'), 826119),
	(312, TO_DATE('2001', 'YYYY'), 906128),
	(313, TO_DATE('2002', 'YYYY'), 959246),
	(314, TO_DATE('2003', 'YYYY'), 938912),
	(315, TO_DATE('2004', 'YYYY'), 942795),
	(316, TO_DATE('1990', 'YYYY'), 938606),
	(317, TO_DATE('1991', 'YYYY'), 849892),
	(318, TO_DATE('1992', 'YYYY'), 878812),
	(319, TO_DATE('1993', 'YYYY'), 892384),
	(320, TO_DATE('1994', 'YYYY'), 912846),
	(321, TO_DATE('1995', 'YYYY'), 830438),
	(322, TO_DATE('1996', 'YYYY'), 972022),
	(323, TO_DATE('1997', 'YYYY'), 850243),
	(324, TO_DATE('1998', 'YYYY'), 986512),
	(325, TO_DATE('1999', 'YYYY'), 929724),
	(326, TO_DATE('2000', 'YYYY'), 865644),
	(327, TO_DATE('2001', 'YYYY'), 943980),
	(328, TO_DATE('2002', 'YYYY'), 843010),
	(329, TO_DATE('2003', 'YYYY'), 810017),
	(330, TO_DATE('2004', 'YYYY'), 872777),
	(331, TO_DATE('1990', 'YYYY'), 846372),
	(332, TO_DATE('1991', 'YYYY'), 959546),
	(333, TO_DATE('1992', 'YYYY'), 801155),
	(334, TO_DATE('1993', 'YYYY'), 849061),
	(335, TO_DATE('1994', 'YYYY'), 904369),
	(336, TO_DATE('1995', 'YYYY'), 882338),
	(337, TO_DATE('1996', 'YYYY'), 822497),
	(338, TO_DATE('1997', 'YYYY'), 839933),
	(339, TO_DATE('1998', 'YYYY'), 981588),
	(340, TO_DATE('1999', 'YYYY'), 853244),
	(341, TO_DATE('2000', 'YYYY'), 881574),
	(342, TO_DATE('2001', 'YYYY'), 807707),
	(343, TO_DATE('2002', 'YYYY'), 875724),
	(344, TO_DATE('2003', 'YYYY'), 957172),
	(345, TO_DATE('2004', 'YYYY'), 862972),
	(346, TO_DATE('1990', 'YYYY'), 818519),
	(347, TO_DATE('1991', 'YYYY'), 812130),
	(348, TO_DATE('1992', 'YYYY'), 912864),
	(349, TO_DATE('1993', 'YYYY'), 897332),
	(350, TO_DATE('1994', 'YYYY'), 904514),
	(351, TO_DATE('1995', 'YYYY'), 942062),
	(352, TO_DATE('1996', 'YYYY'), 844122),
	(353, TO_DATE('1997', 'YYYY'), 992889),
	(354, TO_DATE('1998', 'YYYY'), 908657),
	(355, TO_DATE('1999', 'YYYY'), 830635),
	(356, TO_DATE('2000', 'YYYY'), 838965),
	(357, TO_DATE('2001', 'YYYY'), 974302),
	(358, TO_DATE('2002', 'YYYY'), 974615),
	(359, TO_DATE('2003', 'YYYY'), 881975),
	(360, TO_DATE('2004', 'YYYY'), 900671),
	(361, TO_DATE('1990', 'YYYY'), 847393),
	(362, TO_DATE('1991', 'YYYY'), 928348),
	(363, TO_DATE('1992', 'YYYY'), 860217),
	(364, TO_DATE('1993', 'YYYY'), 964900),
	(365, TO_DATE('1994', 'YYYY'), 893761),
	(366, TO_DATE('1995', 'YYYY'), 880938),
	(367, TO_DATE('1996', 'YYYY'), 847238),
	(368, TO_DATE('1997', 'YYYY'), 916258),
	(369, TO_DATE('1998', 'YYYY'), 920872),
	(370, TO_DATE('1999', 'YYYY'), 828826),
	(371, TO_DATE('2000', 'YYYY'), 885854),
	(372, TO_DATE('2001', 'YYYY'), 918798),
	(373, TO_DATE('2002', 'YYYY'), 952886),
	(374, TO_DATE('2003', 'YYYY'), 961578),
	(375, TO_DATE('2004', 'YYYY'), 992322),
	(376, TO_DATE('1990', 'YYYY'), 815858),
	(377, TO_DATE('1991', 'YYYY'), 980098),
	(378, TO_DATE('1992', 'YYYY'), 804452),
	(379, TO_DATE('1993', 'YYYY'), 845074),
	(380, TO_DATE('1994', 'YYYY'), 993782),
	(381, TO_DATE('1995', 'YYYY'), 825318),
	(382, TO_DATE('1996', 'YYYY'), 903489),
	(383, TO_DATE('1997', 'YYYY'), 837904),
	(384, TO_DATE('1998', 'YYYY'), 934559),
	(385, TO_DATE('1999', 'YYYY'), 812146),
	(386, TO_DATE('2000', 'YYYY'), 868539),
	(387, TO_DATE('2001', 'YYYY'), 973524),
	(388, TO_DATE('2002', 'YYYY'), 986448),
	(389, TO_DATE('2003', 'YYYY'), 959507),
	(390, TO_DATE('2004', 'YYYY'), 855500),
	(391, TO_DATE('1990', 'YYYY'), 887120),
	(392, TO_DATE('1991', 'YYYY'), 806900),
	(393, TO_DATE('1992', 'YYYY'), 900200),
	(394, TO_DATE('1993', 'YYYY'), 947337),
	(395, TO_DATE('1994', 'YYYY'), 888152),
	(396, TO_DATE('1995', 'YYYY'), 910313),
	(397, TO_DATE('1996', 'YYYY'), 828276),
	(398, TO_DATE('1997', 'YYYY'), 851743),
	(399, TO_DATE('1998', 'YYYY'), 942923),
	(400, TO_DATE('1999', 'YYYY'), 949148),
	(401, TO_DATE('2000', 'YYYY'), 996921),
	(402, TO_DATE('2001', 'YYYY'), 828778),
	(403, TO_DATE('2002', 'YYYY'), 867946),
	(404, TO_DATE('2003', 'YYYY'), 866159),
	(405, TO_DATE('2004', 'YYYY'), 990356);
INSERT INTO product_sales(product_id, sales_id)
VALUES
	(1, 1),
	(1, 2),
	(1, 3),
	(1, 4),
	(1, 5),
	(1, 6),
	(1, 7),
	(1, 8),
	(1, 9),
	(1, 10),
	(1, 11),
	(1, 12),
	(1, 13),
	(1, 14),
	(1, 15),
	(2, 16),
	(2, 17),
	(2, 18),
	(2, 19),
	(2, 20),
	(2, 21),
	(2, 22),
	(2, 23),
	(2, 24),
	(2, 25),
	(2, 26),
	(2, 27),
	(2, 28),
	(2, 29),
	(2, 30),
	(3, 31),
	(3, 32),
	(3, 33),
	(3, 34),
	(3, 35),
	(3, 36),
	(3, 37),
	(3, 38),
	(3, 39),
	(3, 40),
	(3, 41),
	(3, 42),
	(3, 43),
	(3, 44),
	(3, 45),
	(4, 46),
	(4, 47),
	(4, 48),
	(4, 49),
	(4, 50),
	(4, 51),
	(4, 52),
	(4, 53),
	(4, 54),
	(4, 55),
	(4, 56),
	(4, 57),
	(4, 58),
	(4, 59),
	(4, 60),
	(5, 61),
	(5, 62),
	(5, 63),
	(5, 64),
	(5, 65),
	(5, 66),
	(5, 67),
	(5, 68),
	(5, 69),
	(5, 70),
	(5, 71),
	(5, 72),
	(5, 73),
	(5, 74),
	(5, 75),
	(6, 76),
	(6, 77),
	(6, 78),
	(6, 79),
	(6, 80),
	(6, 81),
	(6, 82),
	(6, 83),
	(6, 84),
	(6, 85),
	(6, 86),
	(6, 87),
	(6, 88),
	(6, 89),
	(6, 90),
	(7, 91),
	(7, 92),
	(7, 93),
	(7, 94),
	(7, 95),
	(7, 96),
	(7, 97),
	(7, 98),
	(7, 99),
	(7, 100),
	(7, 101),
	(7, 102),
	(7, 103),
	(7, 104),
	(7, 105),
	(8, 106),
	(8, 107),
	(8, 108),
	(8, 109),
	(8, 110),
	(8, 111),
	(8, 112),
	(8, 113),
	(8, 114),
	(8, 115),
	(8, 116),
	(8, 117),
	(8, 118),
	(8, 119),
	(8, 120),
	(9, 121),
	(9, 122),
	(9, 123),
	(9, 124),
	(9, 125),
	(9, 126),
	(9, 127),
	(9, 128),
	(9, 129),
	(9, 130),
	(9, 131),
	(9, 132),
	(9, 133),
	(9, 134),
	(9, 135),
	(10, 136),
	(10, 137),
	(10, 138),
	(10, 139),
	(10, 140),
	(10, 141),
	(10, 142),
	(10, 143),
	(10, 144),
	(10, 145),
	(10, 146),
	(10, 147),
	(10, 148),
	(10, 149),
	(10, 150),
	(11, 151),
	(11, 152),
	(11, 153),
	(11, 154),
	(11, 155),
	(11, 156),
	(11, 157),
	(11, 158),
	(11, 159),
	(11, 160),
	(11, 161),
	(11, 162),
	(11, 163),
	(11, 164),
	(11, 165),
	(12, 166),
	(12, 167),
	(12, 168),
	(12, 169),
	(12, 170),
	(12, 171),
	(12, 172),
	(12, 173),
	(12, 174),
	(12, 175),
	(12, 176),
	(12, 177),
	(12, 178),
	(12, 179),
	(12, 180),
	(13, 181),
	(13, 182),
	(13, 183),
	(13, 184),
	(13, 185),
	(13, 186),
	(13, 187),
	(13, 188),
	(13, 189),
	(13, 190),
	(13, 191),
	(13, 192),
	(13, 193),
	(13, 194),
	(13, 195),
	(14, 196),
	(14, 197),
	(14, 198),
	(14, 199),
	(14, 200),
	(14, 201),
	(14, 202),
	(14, 203),
	(14, 204),
	(14, 205),
	(14, 206),
	(14, 207),
	(14, 208),
	(14, 209),
	(14, 210),
	(15, 211),
	(15, 212),
	(15, 213),
	(15, 214),
	(15, 215),
	(15, 216),
	(15, 217),
	(15, 218),
	(15, 219),
	(15, 220),
	(15, 221),
	(15, 222),
	(15, 223),
	(15, 224),
	(15, 225),
	(16, 226),
	(16, 227),
	(16, 228),
	(16, 229),
	(16, 230),
	(16, 231),
	(16, 232),
	(16, 233),
	(16, 234),
	(16, 235),
	(16, 236),
	(16, 237),
	(16, 238),
	(16, 239),
	(16, 240),
	(17, 241),
	(17, 242),
	(17, 243),
	(17, 244),
	(17, 245),
	(17, 246),
	(17, 247),
	(17, 248),
	(17, 249),
	(17, 250),
	(17, 251),
	(17, 252),
	(17, 253),
	(17, 254),
	(17, 255),
	(18, 256),
	(18, 257),
	(18, 258),
	(18, 259),
	(18, 260),
	(18, 261),
	(18, 262),
	(18, 263),
	(18, 264),
	(18, 265),
	(18, 266),
	(18, 267),
	(18, 268),
	(18, 269),
	(18, 270),
	(19, 271),
	(19, 272),
	(19, 273),
	(19, 274),
	(19, 275),
	(19, 276),
	(19, 277),
	(19, 278),
	(19, 279),
	(19, 280),
	(19, 281),
	(19, 282),
	(19, 283),
	(19, 284),
	(19, 285),
	(20, 286),
	(20, 287),
	(20, 288),
	(20, 289),
	(20, 290),
	(20, 291),
	(20, 292),
	(20, 293),
	(20, 294),
	(20, 295),
	(20, 296),
	(20, 297),
	(20, 298),
	(20, 299),
	(20, 300),
	(21, 301),
	(21, 302),
	(21, 303),
	(21, 304),
	(21, 305),
	(21, 306),
	(21, 307),
	(21, 308),
	(21, 309),
	(21, 310),
	(21, 311),
	(21, 312),
	(21, 313),
	(21, 314),
	(21, 315),
	(22, 316),
	(22, 317),
	(22, 318),
	(22, 319),
	(22, 320),
	(22, 321),
	(22, 322),
	(22, 323),
	(22, 324),
	(22, 325),
	(22, 326),
	(22, 327),
	(22, 328),
	(22, 329),
	(22, 330),
	(23, 331),
	(23, 332),
	(23, 333),
	(23, 334),
	(23, 335),
	(23, 336),
	(23, 337),
	(23, 338),
	(23, 339),
	(23, 340),
	(23, 341),
	(23, 342),
	(23, 343),
	(23, 344),
	(23, 345),
	(24, 346),
	(24, 347),
	(24, 348),
	(24, 349),
	(24, 350),
	(24, 351),
	(24, 352),
	(24, 353),
	(24, 354),
	(24, 355),
	(24, 356),
	(24, 357),
	(24, 358),
	(24, 359),
	(24, 360),
	(25, 361),
	(25, 362),
	(25, 363),
	(25, 364),
	(25, 365),
	(25, 366),
	(25, 367),
	(25, 368),
	(25, 369),
	(25, 370),
	(25, 371),
	(25, 372),
	(25, 373),
	(25, 374),
	(25, 375),
	(26, 376),
	(26, 377),
	(26, 378),
	(26, 379),
	(26, 380),
	(26, 381),
	(26, 382),
	(26, 383),
	(26, 384),
	(26, 385),
	(26, 386),
	(26, 387),
	(26, 388),
	(26, 389),
	(26, 390),
	(27, 391),
	(27, 392),
	(27, 393),
	(27, 394),
	(27, 395),
	(27, 396),
	(27, 397),
	(27, 398),
	(27, 399),
	(27, 400),
	(27, 401),
	(27, 402),
	(27, 403),
	(27, 404),
	(27, 405);
