INSERT INTO products(product_id, product_name, amount_in_stock)
VALUES
	(1, 'Hammer', 852780),
	(2, 'Nails', 182488),
	(3, 'Screwdriver', 963914),
	(4, 'Uranium-238 (5 kg)', 328760),
	(5, 'Turnip Flavored Grenades', 783952),
	(6, 'Iron Anvil', 839583),
	(7, 'Mk. 2000 Ray Gun', 215526),
	(8, 'ACME Inc. Dynamite', 196854),
	(9, 'Cactus Football', 263802),
	(10, 'Antimatter Egg', 651972),
	(11, 'Soul of Harambe', 181141),
	(12, 'Mint Air Freshener', 857081),
	(13, 'Black Powder Bomb', 102790),
	(14, 'Broken Surge Protector', 447976),
	(15, 'Broken 5GB USB Drive', 576639),
	(16, 'Penny', 178460),
	(17, 'Orb of Time and Space', 35945),
	(18, 'Bread Sandwich', 51784),
	(19, 'Lead Binnoculars', 545060),
	(20, 'Plutonium-239 (5 kg)', 265498),
	(21, 'Far Cry 4', 310343),
	(22, 'Lord of the Wings', 929436),
	(23, 'Big Mac 2', 823077),
	(24, 'Whoopie Cushion', 703902),
	(25, 'Notepad--', 575803),
	(26, 'Eaten Wizard Hat', 445106),
	(27, 'Wizard Lizard ', 515046);
INSERT INTO products_yearly_data(year_id, year, units_sold, production_cost, distribution_cost, retail_price)
VALUES
	(1, TO_DATE('1990', 'YYYY'), 894874, 69.54, 83.22, 88.36),
	(2, TO_DATE('1991', 'YYYY'), 808910, 67.07, 88.20, 91.81),
	(3, TO_DATE('1992', 'YYYY'), 823711, 74.20, 77.79, 95.54),
	(4, TO_DATE('1993', 'YYYY'), 839805, 57.26, 62.44, 85.91),
	(5, TO_DATE('1994', 'YYYY'), 857011, 64.86, 67.77, 72.18),
	(6, TO_DATE('1995', 'YYYY'), 801977, 14.70, 68.56, 82.64),
	(7, TO_DATE('1996', 'YYYY'), 868354, 0.37, 12.34, 67.37),
	(8, TO_DATE('1997', 'YYYY'), 918470, 99.72, 109.88, 124.06),
	(9, TO_DATE('1998', 'YYYY'), 840841, 66.15, 84.95, 91.98),
	(10, TO_DATE('1999', 'YYYY'), 984333, 73.14, 74.11, 84.64),
	(11, TO_DATE('1990', 'YYYY'), 949224, 59.95, 83.86, 84.55),
	(12, TO_DATE('1991', 'YYYY'), 876597, 31.98, 49.50, 55.05),
	(13, TO_DATE('1992', 'YYYY'), 945404, 1.04, 47.09, 67.56),
	(14, TO_DATE('1993', 'YYYY'), 866508, 15.65, 33.06, 36.31),
	(15, TO_DATE('1994', 'YYYY'), 841331, 45.39, 49.06, 55.50),
	(16, TO_DATE('1995', 'YYYY'), 971876, 38.77, 46.94, 49.56),
	(17, TO_DATE('1996', 'YYYY'), 888047, 12.50, 63.86, 70.06),
	(18, TO_DATE('1997', 'YYYY'), 932220, 83.12, 87.35, 98.47),
	(19, TO_DATE('1998', 'YYYY'), 870377, 88.09, 96.55, 108.53),
	(20, TO_DATE('1999', 'YYYY'), 837463, 46.04, 48.96, 53.60),
	(21, TO_DATE('1990', 'YYYY'), 813943, 50.01, 84.44, 105.02),
	(22, TO_DATE('1991', 'YYYY'), 981027, 17.49, 99.12, 106.43),
	(23, TO_DATE('1992', 'YYYY'), 930382, 2.79, 12.62, 14.29),
	(24, TO_DATE('1993', 'YYYY'), 982258, 40.17, 42.42, 46.46),
	(25, TO_DATE('1994', 'YYYY'), 947010, 86.19, 106.13, 117.90),
	(26, TO_DATE('1995', 'YYYY'), 990856, 88.81, 93.46, 105.82),
	(27, TO_DATE('1996', 'YYYY'), 997556, 67.80, 72.62, 96.95),
	(28, TO_DATE('1997', 'YYYY'), 918358, 75.54, 89.36, 105.58),
	(29, TO_DATE('1998', 'YYYY'), 920209, 98.26, 121.96, 152.17),
	(30, TO_DATE('1999', 'YYYY'), 973114, 22.82, 72.85, 78.61),
	(31, TO_DATE('1990', 'YYYY'), 815908, 85.46, 86.59, 88.79),
	(32, TO_DATE('1991', 'YYYY'), 842820, 8.92, 13.60, 78.29),
	(33, TO_DATE('1992', 'YYYY'), 828995, 98.18, 114.76, 121.78),
	(34, TO_DATE('1993', 'YYYY'), 983326, 87.84, 98.72, 113.24),
	(35, TO_DATE('1994', 'YYYY'), 908056, 49.37, 60.82, 69.46),
	(36, TO_DATE('1995', 'YYYY'), 992546, 74.65, 86.34, 93.62),
	(37, TO_DATE('1996', 'YYYY'), 829096, 54.06, 55.15, 88.64),
	(38, TO_DATE('1997', 'YYYY'), 864945, 14.48, 67.25, 69.71),
	(39, TO_DATE('1998', 'YYYY'), 825101, 53.83, 69.60, 77.76),
	(40, TO_DATE('1999', 'YYYY'), 846661, 83.20, 87.04, 101.36),
	(41, TO_DATE('1990', 'YYYY'), 824057, 20.43, 22.24, 68.36),
	(42, TO_DATE('1991', 'YYYY'), 803718, 98.99, 106.48, 117.13),
	(43, TO_DATE('1992', 'YYYY'), 829407, 93.05, 103.14, 124.83),
	(44, TO_DATE('1993', 'YYYY'), 801480, 63.71, 71.49, 76.33),
	(45, TO_DATE('1994', 'YYYY'), 850135, 65.35, 78.23, 94.63),
	(46, TO_DATE('1995', 'YYYY'), 868049, 96.47, 97.09, 104.03),
	(47, TO_DATE('1996', 'YYYY'), 864424, 66.69, 71.99, 85.01),
	(48, TO_DATE('1997', 'YYYY'), 920556, 9.15, 70.86, 84.40),
	(49, TO_DATE('1998', 'YYYY'), 992803, 93.09, 99.61, 112.54),
	(50, TO_DATE('1999', 'YYYY'), 938716, 31.84, 33.56, 40.44),
	(51, TO_DATE('1990', 'YYYY'), 940657, 35.08, 40.00, 92.58),
	(52, TO_DATE('1991', 'YYYY'), 808800, 37.40, 42.51, 48.43),
	(53, TO_DATE('1992', 'YYYY'), 971600, 62.38, 73.56, 82.56),
	(54, TO_DATE('1993', 'YYYY'), 874814, 8.27, 62.31, 71.43),
	(55, TO_DATE('1994', 'YYYY'), 859367, 67.61, 72.85, 79.46),
	(56, TO_DATE('1995', 'YYYY'), 876212, 93.00, 102.58, 108.90),
	(57, TO_DATE('1996', 'YYYY'), 882835, 55.68, 58.08, 78.17),
	(58, TO_DATE('1997', 'YYYY'), 896669, 45.88, 53.01, 65.40),
	(59, TO_DATE('1998', 'YYYY'), 885729, 32.29, 37.26, 79.75),
	(60, TO_DATE('1999', 'YYYY'), 835352, 38.12, 96.29, 96.50),
	(61, TO_DATE('1990', 'YYYY'), 804849, 7.47, 54.98, 59.33),
	(62, TO_DATE('1991', 'YYYY'), 944597, 17.28, 68.45, 90.68),
	(63, TO_DATE('1992', 'YYYY'), 920438, 90.60, 106.09, 114.69),
	(64, TO_DATE('1993', 'YYYY'), 837106, 71.58, 85.86, 91.14),
	(65, TO_DATE('1994', 'YYYY'), 948479, 12.12, 47.84, 50.64),
	(66, TO_DATE('1995', 'YYYY'), 803152, 66.44, 76.98, 77.44),
	(67, TO_DATE('1996', 'YYYY'), 990789, 32.12, 34.75, 68.41),
	(68, TO_DATE('1997', 'YYYY'), 944933, 14.98, 40.83, 70.74),
	(69, TO_DATE('1998', 'YYYY'), 944227, 95.80, 101.91, 114.61),
	(70, TO_DATE('1999', 'YYYY'), 989912, 98.51, 102.73, 123.65),
	(71, TO_DATE('1990', 'YYYY'), 815685, 44.35, 59.61, 72.69),
	(72, TO_DATE('1991', 'YYYY'), 915918, 27.57, 42.37, 43.17),
	(73, TO_DATE('1992', 'YYYY'), 951041, 90.20, 103.02, 123.43),
	(74, TO_DATE('1993', 'YYYY'), 957968, 85.08, 100.43, 105.57),
	(75, TO_DATE('1994', 'YYYY'), 984776, 55.32, 65.24, 87.43),
	(76, TO_DATE('1995', 'YYYY'), 843233, 64.58, 74.31, 92.74),
	(77, TO_DATE('1996', 'YYYY'), 934856, 88.23, 97.07, 97.72),
	(78, TO_DATE('1997', 'YYYY'), 939046, 59.75, 71.42, 75.84),
	(79, TO_DATE('1998', 'YYYY'), 943865, 31.02, 48.52, 56.39),
	(80, TO_DATE('1999', 'YYYY'), 961957, 90.89, 108.60, 125.41),
	(81, TO_DATE('1990', 'YYYY'), 807059, 21.08, 95.94, 109.67),
	(82, TO_DATE('1991', 'YYYY'), 923860, 32.56, 93.07, 93.15),
	(83, TO_DATE('1992', 'YYYY'), 983921, 16.82, 19.19, 58.16),
	(84, TO_DATE('1993', 'YYYY'), 976549, 68.94, 85.36, 105.79),
	(85, TO_DATE('1994', 'YYYY'), 808535, 81.80, 97.02, 116.65),
	(86, TO_DATE('1995', 'YYYY'), 958089, 86.64, 106.36, 125.39),
	(87, TO_DATE('1996', 'YYYY'), 944229, 68.24, 82.68, 96.90),
	(88, TO_DATE('1997', 'YYYY'), 802669, 28.78, 74.49, 77.45),
	(89, TO_DATE('1998', 'YYYY'), 868701, 70.42, 77.92, 94.97),
	(90, TO_DATE('1999', 'YYYY'), 927460, 70.98, 79.36, 90.85),
	(91, TO_DATE('1990', 'YYYY'), 857097, 90.13, 94.07, 116.23),
	(92, TO_DATE('1991', 'YYYY'), 922788, 99.90, 110.87, 127.08),
	(93, TO_DATE('1992', 'YYYY'), 974868, 26.19, 60.11, 68.30),
	(94, TO_DATE('1993', 'YYYY'), 899686, 79.83, 88.80, 97.07),
	(95, TO_DATE('1994', 'YYYY'), 887279, 34.47, 41.16, 48.34),
	(96, TO_DATE('1995', 'YYYY'), 831623, 81.18, 87.97, 101.07),
	(97, TO_DATE('1996', 'YYYY'), 953776, 25.30, 69.11, 71.85),
	(98, TO_DATE('1997', 'YYYY'), 926494, 48.46, 57.54, 84.08),
	(99, TO_DATE('1998', 'YYYY'), 999035, 94.43, 100.49, 122.77),
	(100, TO_DATE('1999', 'YYYY'), 815120, 64.24, 78.10, 95.53),
	(101, TO_DATE('1990', 'YYYY'), 823386, 73.97, 99.23, 102.47),
	(102, TO_DATE('1991', 'YYYY'), 876791, 68.07, 84.76, 86.61),
	(103, TO_DATE('1992', 'YYYY'), 968970, 40.40, 49.43, 65.77),
	(104, TO_DATE('1993', 'YYYY'), 868138, 56.42, 78.86, 92.88),
	(105, TO_DATE('1994', 'YYYY'), 875297, 47.97, 51.72, 77.99),
	(106, TO_DATE('1995', 'YYYY'), 969649, 73.16, 80.35, 95.27),
	(107, TO_DATE('1996', 'YYYY'), 925034, 15.34, 32.65, 61.89),
	(108, TO_DATE('1997', 'YYYY'), 877483, 46.52, 49.52, 69.99),
	(109, TO_DATE('1998', 'YYYY'), 922876, 37.12, 73.24, 74.27),
	(110, TO_DATE('1999', 'YYYY'), 890818, 6.95, 76.12, 83.81),
	(111, TO_DATE('1990', 'YYYY'), 806133, 85.14, 94.75, 116.29),
	(112, TO_DATE('1991', 'YYYY'), 902269, 52.32, 55.16, 64.63),
	(113, TO_DATE('1992', 'YYYY'), 853219, 69.82, 71.06, 96.70),
	(114, TO_DATE('1993', 'YYYY'), 876867, 63.31, 63.35, 73.89),
	(115, TO_DATE('1994', 'YYYY'), 879934, 64.35, 72.43, 76.31),
	(116, TO_DATE('1995', 'YYYY'), 872884, 10.32, 28.20, 31.33),
	(117, TO_DATE('1996', 'YYYY'), 921510, 1.43, 5.60, 52.61),
	(118, TO_DATE('1997', 'YYYY'), 836680, 81.71, 101.15, 106.28),
	(119, TO_DATE('1998', 'YYYY'), 875037, 33.76, 41.50, 49.89),
	(120, TO_DATE('1999', 'YYYY'), 842857, 66.70, 81.68, 86.34),
	(121, TO_DATE('1990', 'YYYY'), 994371, 32.90, 83.03, 100.24),
	(122, TO_DATE('1991', 'YYYY'), 978842, 14.73, 90.02, 97.35),
	(123, TO_DATE('1992', 'YYYY'), 923374, 62.44, 64.27, 89.92),
	(124, TO_DATE('1993', 'YYYY'), 850913, 61.24, 67.18, 70.57),
	(125, TO_DATE('1994', 'YYYY'), 952935, 26.85, 72.79, 89.22),
	(126, TO_DATE('1995', 'YYYY'), 928376, 33.09, 35.00, 75.40),
	(127, TO_DATE('1996', 'YYYY'), 938425, 51.35, 83.79, 94.80),
	(128, TO_DATE('1997', 'YYYY'), 944547, 15.45, 39.25, 54.55),
	(129, TO_DATE('1998', 'YYYY'), 916991, 22.28, 34.02, 44.55),
	(130, TO_DATE('1999', 'YYYY'), 837616, 24.03, 25.40, 28.76),
	(131, TO_DATE('1990', 'YYYY'), 912956, 52.43, 58.41, 59.23),
	(132, TO_DATE('1991', 'YYYY'), 957862, 27.23, 79.42, 96.18),
	(133, TO_DATE('1992', 'YYYY'), 918478, 52.21, 60.39, 62.62),
	(134, TO_DATE('1993', 'YYYY'), 876027, 74.07, 75.04, 89.65),
	(135, TO_DATE('1994', 'YYYY'), 864117, 21.80, 26.82, 43.45),
	(136, TO_DATE('1995', 'YYYY'), 981045, 44.27, 98.00, 110.08),
	(137, TO_DATE('1996', 'YYYY'), 916563, 32.01, 38.13, 41.66),
	(138, TO_DATE('1997', 'YYYY'), 822795, 49.51, 56.73, 70.87),
	(139, TO_DATE('1998', 'YYYY'), 915509, 25.58, 27.31, 29.25),
	(140, TO_DATE('1999', 'YYYY'), 836152, 81.15, 91.92, 98.78),
	(141, TO_DATE('1990', 'YYYY'), 920480, 39.26, 69.49, 70.75),
	(142, TO_DATE('1991', 'YYYY'), 999185, 7.49, 70.76, 74.11),
	(143, TO_DATE('1992', 'YYYY'), 980855, 75.79, 82.18, 87.06),
	(144, TO_DATE('1993', 'YYYY'), 959659, 80.17, 92.18, 109.64),
	(145, TO_DATE('1994', 'YYYY'), 842695, 82.21, 90.13, 90.75),
	(146, TO_DATE('1995', 'YYYY'), 849456, 9.72, 10.73, 33.65),
	(147, TO_DATE('1996', 'YYYY'), 948805, 12.46, 49.25, 88.09),
	(148, TO_DATE('1997', 'YYYY'), 900295, 41.16, 94.96, 98.17),
	(149, TO_DATE('1998', 'YYYY'), 856145, 64.44, 77.80, 93.73),
	(150, TO_DATE('1999', 'YYYY'), 890941, 16.34, 32.45, 33.65),
	(151, TO_DATE('1990', 'YYYY'), 998457, 14.63, 67.72, 79.89),
	(152, TO_DATE('1991', 'YYYY'), 959204, 19.81, 98.76, 105.72),
	(153, TO_DATE('1992', 'YYYY'), 961906, 88.88, 97.40, 106.77),
	(154, TO_DATE('1993', 'YYYY'), 824774, 85.90, 88.85, 100.52),
	(155, TO_DATE('1994', 'YYYY'), 900308, 16.62, 21.97, 91.96),
	(156, TO_DATE('1995', 'YYYY'), 869876, 16.92, 18.91, 38.17),
	(157, TO_DATE('1996', 'YYYY'), 853665, 64.49, 80.26, 93.40),
	(158, TO_DATE('1997', 'YYYY'), 830425, 64.34, 70.56, 72.94),
	(159, TO_DATE('1998', 'YYYY'), 872346, 22.19, 85.11, 95.03),
	(160, TO_DATE('1999', 'YYYY'), 958199, 83.87, 101.68, 120.25),
	(161, TO_DATE('1990', 'YYYY'), 816893, 55.89, 77.72, 90.76),
	(162, TO_DATE('1991', 'YYYY'), 900286, 45.09, 50.30, 52.71),
	(163, TO_DATE('1992', 'YYYY'), 955166, 27.17, 32.10, 35.51),
	(164, TO_DATE('1993', 'YYYY'), 919078, 51.00, 57.63, 68.65),
	(165, TO_DATE('1994', 'YYYY'), 857462, 89.52, 101.07, 121.57),
	(166, TO_DATE('1995', 'YYYY'), 963218, 33.16, 69.25, 84.75),
	(167, TO_DATE('1996', 'YYYY'), 831023, 54.35, 60.92, 97.32),
	(168, TO_DATE('1997', 'YYYY'), 888626, 87.28, 106.77, 117.71),
	(169, TO_DATE('1998', 'YYYY'), 964924, 19.03, 82.28, 84.95),
	(170, TO_DATE('1999', 'YYYY'), 897649, 87.48, 90.70, 93.83),
	(171, TO_DATE('1990', 'YYYY'), 816089, 57.18, 59.57, 73.61),
	(172, TO_DATE('1991', 'YYYY'), 885802, 2.90, 84.14, 86.76),
	(173, TO_DATE('1992', 'YYYY'), 808506, 62.83, 67.08, 79.81),
	(174, TO_DATE('1993', 'YYYY'), 806185, 89.20, 101.39, 102.00),
	(175, TO_DATE('1994', 'YYYY'), 898859, 85.66, 91.45, 104.62),
	(176, TO_DATE('1995', 'YYYY'), 854841, 89.93, 92.70, 108.80),
	(177, TO_DATE('1996', 'YYYY'), 874665, 74.97, 76.02, 92.06),
	(178, TO_DATE('1997', 'YYYY'), 966145, 26.14, 98.86, 101.80),
	(179, TO_DATE('1998', 'YYYY'), 864951, 44.13, 46.84, 91.49),
	(180, TO_DATE('1999', 'YYYY'), 979078, 19.94, 20.12, 39.44),
	(181, TO_DATE('1990', 'YYYY'), 865039, 35.10, 85.71, 100.17),
	(182, TO_DATE('1991', 'YYYY'), 971205, 64.80, 78.64, 87.50),
	(183, TO_DATE('1992', 'YYYY'), 920875, 78.66, 88.92, 90.08),
	(184, TO_DATE('1993', 'YYYY'), 917788, 42.28, 50.06, 77.53),
	(185, TO_DATE('1994', 'YYYY'), 921564, 40.54, 50.58, 79.69),
	(186, TO_DATE('1995', 'YYYY'), 962056, 49.44, 56.78, 64.18),
	(187, TO_DATE('1996', 'YYYY'), 907350, 92.58, 110.90, 123.75),
	(188, TO_DATE('1997', 'YYYY'), 910770, 56.60, 80.02, 95.28),
	(189, TO_DATE('1998', 'YYYY'), 978710, 65.73, 74.01, 89.99),
	(190, TO_DATE('1999', 'YYYY'), 879793, 4.05, 83.81, 101.94),
	(191, TO_DATE('1990', 'YYYY'), 970201, 33.39, 37.76, 51.28),
	(192, TO_DATE('1991', 'YYYY'), 926200, 43.86, 50.74, 92.92),
	(193, TO_DATE('1992', 'YYYY'), 983144, 79.38, 92.45, 97.29),
	(194, TO_DATE('1993', 'YYYY'), 849572, 29.38, 30.43, 37.58),
	(195, TO_DATE('1994', 'YYYY'), 890875, 42.52, 62.95, 65.94),
	(196, TO_DATE('1995', 'YYYY'), 952564, 42.96, 51.22, 90.80),
	(197, TO_DATE('1996', 'YYYY'), 830557, 3.74, 6.78, 39.21),
	(198, TO_DATE('1997', 'YYYY'), 943475, 90.58, 110.77, 118.18),
	(199, TO_DATE('1998', 'YYYY'), 909520, 24.56, 41.77, 99.64),
	(200, TO_DATE('1999', 'YYYY'), 873736, 70.57, 92.55, 99.08),
	(201, TO_DATE('1990', 'YYYY'), 858134, 65.15, 69.02, 78.75),
	(202, TO_DATE('1991', 'YYYY'), 922490, 4.93, 6.04, 16.47),
	(203, TO_DATE('1992', 'YYYY'), 804130, 64.06, 66.94, 80.01),
	(204, TO_DATE('1993', 'YYYY'), 988862, 80.66, 97.83, 113.53),
	(205, TO_DATE('1994', 'YYYY'), 915065, 44.12, 54.90, 92.18),
	(206, TO_DATE('1995', 'YYYY'), 950204, 75.09, 82.66, 99.99),
	(207, TO_DATE('1996', 'YYYY'), 993600, 24.43, 58.30, 68.05),
	(208, TO_DATE('1997', 'YYYY'), 986804, 50.84, 58.98, 59.67),
	(209, TO_DATE('1998', 'YYYY'), 812354, 24.72, 29.86, 32.89),
	(210, TO_DATE('1999', 'YYYY'), 896811, 24.79, 26.97, 77.08),
	(211, TO_DATE('1990', 'YYYY'), 856069, 77.89, 82.03, 95.86),
	(212, TO_DATE('1991', 'YYYY'), 853796, 60.96, 72.50, 79.18),
	(213, TO_DATE('1992', 'YYYY'), 910989, 66.45, 68.33, 73.92),
	(214, TO_DATE('1993', 'YYYY'), 983965, 17.77, 98.41, 114.97),
	(215, TO_DATE('1994', 'YYYY'), 904314, 56.71, 65.91, 70.13),
	(216, TO_DATE('1995', 'YYYY'), 893406, 30.05, 82.10, 85.10),
	(217, TO_DATE('1996', 'YYYY'), 891640, 5.77, 34.02, 84.41),
	(218, TO_DATE('1997', 'YYYY'), 953144, 60.99, 61.48, 65.51),
	(219, TO_DATE('1998', 'YYYY'), 966498, 85.10, 100.34, 122.49),
	(220, TO_DATE('1999', 'YYYY'), 939801, 26.80, 40.33, 51.11),
	(221, TO_DATE('1990', 'YYYY'), 978026, 75.44, 90.86, 102.92),
	(222, TO_DATE('1991', 'YYYY'), 946989, 89.27, 98.25, 109.07),
	(223, TO_DATE('1992', 'YYYY'), 914674, 85.14, 93.84, 100.43),
	(224, TO_DATE('1993', 'YYYY'), 949800, 54.65, 77.03, 89.21),
	(225, TO_DATE('1994', 'YYYY'), 930700, 11.05, 54.35, 90.97),
	(226, TO_DATE('1995', 'YYYY'), 925020, 15.83, 18.28, 20.03),
	(227, TO_DATE('1996', 'YYYY'), 880776, 25.62, 27.50, 46.96),
	(228, TO_DATE('1997', 'YYYY'), 880164, 48.62, 98.07, 119.20),
	(229, TO_DATE('1998', 'YYYY'), 964691, 88.92, 102.66, 119.90),
	(230, TO_DATE('1999', 'YYYY'), 965311, 56.36, 66.71, 74.18),
	(231, TO_DATE('1990', 'YYYY'), 824067, 25.17, 77.66, 95.49),
	(232, TO_DATE('1991', 'YYYY'), 947403, 54.68, 67.62, 74.04),
	(233, TO_DATE('1992', 'YYYY'), 821761, 80.96, 91.91, 106.68),
	(234, TO_DATE('1993', 'YYYY'), 946244, 41.56, 48.64, 97.70),
	(235, TO_DATE('1994', 'YYYY'), 933026, 56.93, 58.89, 63.74),
	(236, TO_DATE('1995', 'YYYY'), 898248, 42.72, 65.23, 78.51),
	(237, TO_DATE('1996', 'YYYY'), 967726, 45.65, 46.83, 56.65),
	(238, TO_DATE('1997', 'YYYY'), 931172, 99.45, 108.55, 124.90),
	(239, TO_DATE('1998', 'YYYY'), 890177, 11.63, 11.77, 13.25),
	(240, TO_DATE('1999', 'YYYY'), 801110, 26.75, 44.65, 54.35),
	(241, TO_DATE('1990', 'YYYY'), 971373, 75.84, 88.74, 93.22),
	(242, TO_DATE('1991', 'YYYY'), 979807, 18.42, 20.60, 84.56),
	(243, TO_DATE('1992', 'YYYY'), 805235, 46.84, 50.96, 80.88),
	(244, TO_DATE('1993', 'YYYY'), 892961, 69.35, 79.81, 81.04),
	(245, TO_DATE('1994', 'YYYY'), 852487, 57.28, 59.65, 61.73),
	(246, TO_DATE('1995', 'YYYY'), 976760, 64.98, 76.73, 81.33),
	(247, TO_DATE('1996', 'YYYY'), 838656, 60.62, 85.75, 85.77),
	(248, TO_DATE('1997', 'YYYY'), 961474, 30.40, 74.93, 95.07),
	(249, TO_DATE('1998', 'YYYY'), 945003, 44.70, 99.55, 123.17),
	(250, TO_DATE('1999', 'YYYY'), 803765, 1.73, 8.17, 38.45),
	(251, TO_DATE('1990', 'YYYY'), 801801, 12.29, 19.32, 38.12),
	(252, TO_DATE('1991', 'YYYY'), 975537, 29.77, 59.30, 96.64),
	(253, TO_DATE('1992', 'YYYY'), 801711, 90.31, 103.94, 121.71),
	(254, TO_DATE('1993', 'YYYY'), 803094, 74.11, 80.67, 92.37),
	(255, TO_DATE('1994', 'YYYY'), 967643, 10.84, 74.77, 78.17),
	(256, TO_DATE('1995', 'YYYY'), 900944, 49.69, 54.43, 61.06),
	(257, TO_DATE('1996', 'YYYY'), 939967, 16.71, 71.07, 75.26),
	(258, TO_DATE('1997', 'YYYY'), 838345, 79.24, 95.93, 114.96),
	(259, TO_DATE('1998', 'YYYY'), 837477, 15.24, 16.54, 73.17),
	(260, TO_DATE('1999', 'YYYY'), 874940, 64.40, 69.80, 84.40),
	(261, TO_DATE('1990', 'YYYY'), 886704, 83.43, 96.67, 106.64),
	(262, TO_DATE('1991', 'YYYY'), 985065, 0.89, 41.85, 92.27),
	(263, TO_DATE('1992', 'YYYY'), 897626, 16.61, 18.51, 52.95),
	(264, TO_DATE('1993', 'YYYY'), 920742, 31.52, 31.92, 60.67),
	(265, TO_DATE('1994', 'YYYY'), 987033, 71.47, 71.75, 84.60),
	(266, TO_DATE('1995', 'YYYY'), 972732, 14.08, 33.65, 42.23),
	(267, TO_DATE('1996', 'YYYY'), 902264, 38.75, 44.45, 74.32),
	(268, TO_DATE('1997', 'YYYY'), 821610, 85.19, 91.55, 103.63),
	(269, TO_DATE('1998', 'YYYY'), 964154, 82.17, 88.37, 92.43),
	(270, TO_DATE('1999', 'YYYY'), 856680, 9.67, 18.41, 94.78);
INSERT INTO product_year_join(product_id, year_id)
VALUES
	(1, 1),
	(1, 2),
	(1, 3),
	(1, 4),
	(1, 5),
	(1, 6),
	(1, 7),
	(1, 8),
	(1, 9),
	(1, 10),
	(2, 11),
	(2, 12),
	(2, 13),
	(2, 14),
	(2, 15),
	(2, 16),
	(2, 17),
	(2, 18),
	(2, 19),
	(2, 20),
	(3, 21),
	(3, 22),
	(3, 23),
	(3, 24),
	(3, 25),
	(3, 26),
	(3, 27),
	(3, 28),
	(3, 29),
	(3, 30),
	(4, 31),
	(4, 32),
	(4, 33),
	(4, 34),
	(4, 35),
	(4, 36),
	(4, 37),
	(4, 38),
	(4, 39),
	(4, 40),
	(5, 41),
	(5, 42),
	(5, 43),
	(5, 44),
	(5, 45),
	(5, 46),
	(5, 47),
	(5, 48),
	(5, 49),
	(5, 50),
	(6, 51),
	(6, 52),
	(6, 53),
	(6, 54),
	(6, 55),
	(6, 56),
	(6, 57),
	(6, 58),
	(6, 59),
	(6, 60),
	(7, 61),
	(7, 62),
	(7, 63),
	(7, 64),
	(7, 65),
	(7, 66),
	(7, 67),
	(7, 68),
	(7, 69),
	(7, 70),
	(8, 71),
	(8, 72),
	(8, 73),
	(8, 74),
	(8, 75),
	(8, 76),
	(8, 77),
	(8, 78),
	(8, 79),
	(8, 80),
	(9, 81),
	(9, 82),
	(9, 83),
	(9, 84),
	(9, 85),
	(9, 86),
	(9, 87),
	(9, 88),
	(9, 89),
	(9, 90),
	(10, 91),
	(10, 92),
	(10, 93),
	(10, 94),
	(10, 95),
	(10, 96),
	(10, 97),
	(10, 98),
	(10, 99),
	(10, 100),
	(11, 101),
	(11, 102),
	(11, 103),
	(11, 104),
	(11, 105),
	(11, 106),
	(11, 107),
	(11, 108),
	(11, 109),
	(11, 110),
	(12, 111),
	(12, 112),
	(12, 113),
	(12, 114),
	(12, 115),
	(12, 116),
	(12, 117),
	(12, 118),
	(12, 119),
	(12, 120),
	(13, 121),
	(13, 122),
	(13, 123),
	(13, 124),
	(13, 125),
	(13, 126),
	(13, 127),
	(13, 128),
	(13, 129),
	(13, 130),
	(14, 131),
	(14, 132),
	(14, 133),
	(14, 134),
	(14, 135),
	(14, 136),
	(14, 137),
	(14, 138),
	(14, 139),
	(14, 140),
	(15, 141),
	(15, 142),
	(15, 143),
	(15, 144),
	(15, 145),
	(15, 146),
	(15, 147),
	(15, 148),
	(15, 149),
	(15, 150),
	(16, 151),
	(16, 152),
	(16, 153),
	(16, 154),
	(16, 155),
	(16, 156),
	(16, 157),
	(16, 158),
	(16, 159),
	(16, 160),
	(17, 161),
	(17, 162),
	(17, 163),
	(17, 164),
	(17, 165),
	(17, 166),
	(17, 167),
	(17, 168),
	(17, 169),
	(17, 170),
	(18, 171),
	(18, 172),
	(18, 173),
	(18, 174),
	(18, 175),
	(18, 176),
	(18, 177),
	(18, 178),
	(18, 179),
	(18, 180),
	(19, 181),
	(19, 182),
	(19, 183),
	(19, 184),
	(19, 185),
	(19, 186),
	(19, 187),
	(19, 188),
	(19, 189),
	(19, 190),
	(20, 191),
	(20, 192),
	(20, 193),
	(20, 194),
	(20, 195),
	(20, 196),
	(20, 197),
	(20, 198),
	(20, 199),
	(20, 200),
	(21, 201),
	(21, 202),
	(21, 203),
	(21, 204),
	(21, 205),
	(21, 206),
	(21, 207),
	(21, 208),
	(21, 209),
	(21, 210),
	(22, 211),
	(22, 212),
	(22, 213),
	(22, 214),
	(22, 215),
	(22, 216),
	(22, 217),
	(22, 218),
	(22, 219),
	(22, 220),
	(23, 221),
	(23, 222),
	(23, 223),
	(23, 224),
	(23, 225),
	(23, 226),
	(23, 227),
	(23, 228),
	(23, 229),
	(23, 230),
	(24, 231),
	(24, 232),
	(24, 233),
	(24, 234),
	(24, 235),
	(24, 236),
	(24, 237),
	(24, 238),
	(24, 239),
	(24, 240),
	(25, 241),
	(25, 242),
	(25, 243),
	(25, 244),
	(25, 245),
	(25, 246),
	(25, 247),
	(25, 248),
	(25, 249),
	(25, 250),
	(26, 251),
	(26, 252),
	(26, 253),
	(26, 254),
	(26, 255),
	(26, 256),
	(26, 257),
	(26, 258),
	(26, 259),
	(26, 260),
	(27, 261),
	(27, 262),
	(27, 263),
	(27, 264),
	(27, 265),
	(27, 266),
	(27, 267),
	(27, 268),
	(27, 269),
	(27, 270);
