INSERT INTO products(product_id, product_name, amount_in_stock)
VALUES
	(1, 'Hammer', 505997),
	(2, 'Nails', 845187),
	(3, 'Screwdriver', 37802),
	(4, 'Uranium-238 (5 kg)', 650633),
	(5, 'Turnip Flavored Grenades', 303975),
	(6, 'Iron Anvil', 104727),
	(7, 'Mk. 2000 Ray Gun', 402047),
	(8, 'ACME Inc. Dynamite', 390825),
	(9, 'Cactus Football', 129212),
	(10, 'Antimatter Egg', 941417),
	(11, 'Soul of Harambe', 659451),
	(12, 'Mint Air Freshener', 428162),
	(13, 'Black Powder Bomb', 497257),
	(14, 'Broken Surge Protector', 162448),
	(15, 'Broken 5GB USB Drive', 832149),
	(16, 'Penny', 3379),
	(17, 'Orb of Time and Space', 214763),
	(18, 'Bread Sandwich', 302139),
	(19, 'Lead Binnoculars', 515819),
	(20, 'Plutonium-239 (5 kg)', 619727),
	(21, 'Far Cry 4', 299454),
	(22, 'Lord of the Wings', 600894),
	(23, 'Big Mac 2', 165084),
	(24, 'Whoopie Cushion', 249484),
	(25, 'Notepad--', 970680),
	(26, 'Eaten Wizard Hat', 638431),
	(27, 'Wizard Lizard ', 929721);
INSERT INTO products_yearly_data(year_id, year, units_sold, production_cost, distribution_cost, retail_price)
VALUES
	(1, TO_DATE('1990', 'YYYY'), 830251, 37.22, 43.35, 57.77),
	(2, TO_DATE('1991', 'YYYY'), 882387, 76.88, 87.32, 94.18),
	(3, TO_DATE('1992', 'YYYY'), 953463, 40.72, 97.67, 113.40),
	(4, TO_DATE('1993', 'YYYY'), 892485, 79.16, 96.57, 106.49),
	(5, TO_DATE('1994', 'YYYY'), 806442, 80.84, 84.65, 93.44),
	(6, TO_DATE('1995', 'YYYY'), 897299, 22.75, 30.92, 94.43),
	(7, TO_DATE('1996', 'YYYY'), 987090, 92.09, 96.11, 114.18),
	(8, TO_DATE('1997', 'YYYY'), 929916, 83.13, 84.23, 94.81),
	(9, TO_DATE('1998', 'YYYY'), 813282, 97.49, 117.10, 122.94),
	(10, TO_DATE('1999', 'YYYY'), 852789, 78.80, 85.64, 87.80),
	(11, TO_DATE('2000', 'YYYY'), 970033, 83.31, 89.83, 104.32),
	(12, TO_DATE('2001', 'YYYY'), 989294, 63.51, 73.51, 89.05),
	(13, TO_DATE('2002', 'YYYY'), 818574, 6.18, 63.89, 64.07),
	(14, TO_DATE('2003', 'YYYY'), 972653, 94.80, 97.65, 100.88),
	(15, TO_DATE('2004', 'YYYY'), 839489, 99.63, 116.94, 133.96),
	(16, TO_DATE('2005', 'YYYY'), 817308, 5.66, 86.08, 89.17),
	(17, TO_DATE('2006', 'YYYY'), 914967, 54.43, 65.42, 77.51),
	(18, TO_DATE('2007', 'YYYY'), 866302, 23.85, 43.89, 52.72),
	(19, TO_DATE('2008', 'YYYY'), 984113, 50.41, 62.53, 69.60),
	(20, TO_DATE('2009', 'YYYY'), 842346, 53.87, 57.39, 58.26),
	(21, TO_DATE('1990', 'YYYY'), 999740, 67.41, 90.38, 111.57),
	(22, TO_DATE('1991', 'YYYY'), 836714, 16.93, 41.03, 49.08),
	(23, TO_DATE('1992', 'YYYY'), 855519, 83.24, 86.99, 99.31),
	(24, TO_DATE('1993', 'YYYY'), 872824, 10.63, 13.03, 92.05),
	(25, TO_DATE('1994', 'YYYY'), 816485, 40.60, 69.55, 98.27),
	(26, TO_DATE('1995', 'YYYY'), 966388, 13.43, 50.99, 71.58),
	(27, TO_DATE('1996', 'YYYY'), 901273, 63.10, 72.73, 77.76),
	(28, TO_DATE('1997', 'YYYY'), 881757, 44.70, 47.19, 77.01),
	(29, TO_DATE('1998', 'YYYY'), 998570, 26.40, 65.98, 74.30),
	(30, TO_DATE('1999', 'YYYY'), 805494, 7.01, 23.37, 59.87),
	(31, TO_DATE('2000', 'YYYY'), 896240, 47.93, 59.17, 79.14),
	(32, TO_DATE('2001', 'YYYY'), 812152, 61.56, 71.19, 77.00),
	(33, TO_DATE('2002', 'YYYY'), 881400, 40.73, 42.24, 66.60),
	(34, TO_DATE('2003', 'YYYY'), 972775, 72.86, 74.60, 92.60),
	(35, TO_DATE('2004', 'YYYY'), 946636, 79.35, 95.75, 100.80),
	(36, TO_DATE('2005', 'YYYY'), 913363, 31.76, 37.87, 45.61),
	(37, TO_DATE('2006', 'YYYY'), 901657, 95.90, 106.34, 107.80),
	(38, TO_DATE('2007', 'YYYY'), 847918, 33.80, 61.34, 93.14),
	(39, TO_DATE('2008', 'YYYY'), 946622, 20.51, 72.28, 76.42),
	(40, TO_DATE('2009', 'YYYY'), 837376, 43.46, 63.89, 84.22),
	(41, TO_DATE('1990', 'YYYY'), 829648, 85.76, 93.69, 108.61),
	(42, TO_DATE('1991', 'YYYY'), 860200, 88.98, 100.83, 119.78),
	(43, TO_DATE('1992', 'YYYY'), 868812, 52.08, 60.51, 92.37),
	(44, TO_DATE('1993', 'YYYY'), 930813, 77.42, 86.57, 106.91),
	(45, TO_DATE('1994', 'YYYY'), 890659, 38.95, 43.45, 76.21),
	(46, TO_DATE('1995', 'YYYY'), 881796, 4.78, 69.35, 71.80),
	(47, TO_DATE('1996', 'YYYY'), 824258, 41.63, 94.74, 102.08),
	(48, TO_DATE('1997', 'YYYY'), 913204, 58.62, 91.56, 92.16),
	(49, TO_DATE('1998', 'YYYY'), 836963, 42.37, 49.97, 52.95),
	(50, TO_DATE('1999', 'YYYY'), 809940, 63.94, 97.55, 99.67),
	(51, TO_DATE('2000', 'YYYY'), 879406, 45.04, 92.04, 99.85),
	(52, TO_DATE('2001', 'YYYY'), 982459, 20.55, 41.83, 95.76),
	(53, TO_DATE('2002', 'YYYY'), 978125, 85.28, 93.28, 102.19),
	(54, TO_DATE('2003', 'YYYY'), 820918, 41.31, 86.69, 102.02),
	(55, TO_DATE('2004', 'YYYY'), 904854, 81.42, 83.73, 88.95),
	(56, TO_DATE('2005', 'YYYY'), 930013, 14.22, 37.28, 84.41),
	(57, TO_DATE('2006', 'YYYY'), 848660, 44.89, 87.39, 87.92),
	(58, TO_DATE('2007', 'YYYY'), 924156, 84.94, 87.59, 90.52),
	(59, TO_DATE('2008', 'YYYY'), 921832, 79.62, 84.39, 94.61),
	(60, TO_DATE('2009', 'YYYY'), 967781, 66.51, 81.42, 100.35),
	(61, TO_DATE('1990', 'YYYY'), 969603, 20.13, 91.87, 110.73),
	(62, TO_DATE('1991', 'YYYY'), 981650, 78.55, 96.44, 116.69),
	(63, TO_DATE('1992', 'YYYY'), 933224, 79.83, 92.20, 100.00),
	(64, TO_DATE('1993', 'YYYY'), 960548, 49.65, 84.41, 92.83),
	(65, TO_DATE('1994', 'YYYY'), 967883, 71.79, 74.44, 77.79),
	(66, TO_DATE('1995', 'YYYY'), 876959, 26.13, 28.18, 86.69),
	(67, TO_DATE('1996', 'YYYY'), 934258, 52.85, 65.53, 71.43),
	(68, TO_DATE('1997', 'YYYY'), 863970, 87.27, 87.36, 92.98),
	(69, TO_DATE('1998', 'YYYY'), 967713, 57.41, 70.37, 86.41),
	(70, TO_DATE('1999', 'YYYY'), 962407, 70.13, 83.30, 95.92),
	(71, TO_DATE('2000', 'YYYY'), 849473, 25.55, 95.92, 115.93),
	(72, TO_DATE('2001', 'YYYY'), 885778, 80.32, 94.62, 117.03),
	(73, TO_DATE('2002', 'YYYY'), 897904, 33.16, 73.07, 81.89),
	(74, TO_DATE('2003', 'YYYY'), 939370, 1.24, 95.52, 112.79),
	(75, TO_DATE('2004', 'YYYY'), 848799, 34.61, 70.93, 73.45),
	(76, TO_DATE('2005', 'YYYY'), 855346, 36.47, 44.58, 51.55),
	(77, TO_DATE('2006', 'YYYY'), 826442, 57.55, 98.07, 103.37),
	(78, TO_DATE('2007', 'YYYY'), 961049, 11.24, 25.73, 77.62),
	(79, TO_DATE('2008', 'YYYY'), 879539, 21.64, 27.02, 32.24),
	(80, TO_DATE('2009', 'YYYY'), 963253, 16.23, 81.69, 94.91),
	(81, TO_DATE('1990', 'YYYY'), 890334, 54.75, 62.89, 71.55),
	(82, TO_DATE('1991', 'YYYY'), 853151, 58.40, 73.70, 83.77),
	(83, TO_DATE('1992', 'YYYY'), 984529, 44.63, 83.51, 98.38),
	(84, TO_DATE('1993', 'YYYY'), 851667, 28.09, 44.13, 74.97),
	(85, TO_DATE('1994', 'YYYY'), 829613, 42.20, 46.98, 48.53),
	(86, TO_DATE('1995', 'YYYY'), 825410, 30.51, 90.92, 112.95),
	(87, TO_DATE('1996', 'YYYY'), 841962, 12.53, 14.71, 54.11),
	(88, TO_DATE('1997', 'YYYY'), 908670, 83.88, 92.04, 101.14),
	(89, TO_DATE('1998', 'YYYY'), 817446, 71.04, 86.80, 94.61),
	(90, TO_DATE('1999', 'YYYY'), 810183, 60.50, 65.17, 71.31),
	(91, TO_DATE('2000', 'YYYY'), 909151, 88.19, 103.45, 112.08),
	(92, TO_DATE('2001', 'YYYY'), 962794, 81.43, 81.53, 83.43),
	(93, TO_DATE('2002', 'YYYY'), 830995, 65.96, 81.15, 97.34),
	(94, TO_DATE('2003', 'YYYY'), 820850, 6.11, 67.27, 82.24),
	(95, TO_DATE('2004', 'YYYY'), 936799, 69.45, 72.16, 83.45),
	(96, TO_DATE('2005', 'YYYY'), 851683, 10.87, 25.50, 91.95),
	(97, TO_DATE('2006', 'YYYY'), 818554, 12.30, 86.56, 97.89),
	(98, TO_DATE('2007', 'YYYY'), 903333, 91.23, 102.19, 103.46),
	(99, TO_DATE('2008', 'YYYY'), 914005, 71.07, 81.89, 95.68),
	(100, TO_DATE('2009', 'YYYY'), 886380, 25.29, 97.58, 100.51),
	(101, TO_DATE('1990', 'YYYY'), 965287, 12.77, 53.17, 87.70),
	(102, TO_DATE('1991', 'YYYY'), 967349, 20.43, 36.31, 37.50),
	(103, TO_DATE('1992', 'YYYY'), 864868, 39.01, 84.86, 85.63),
	(104, TO_DATE('1993', 'YYYY'), 982194, 10.36, 35.14, 40.56),
	(105, TO_DATE('1994', 'YYYY'), 849031, 21.70, 43.11, 95.44),
	(106, TO_DATE('1995', 'YYYY'), 968497, 76.87, 92.57, 115.47),
	(107, TO_DATE('1996', 'YYYY'), 958143, 37.47, 88.01, 88.44),
	(108, TO_DATE('1997', 'YYYY'), 964846, 85.58, 97.94, 102.96),
	(109, TO_DATE('1998', 'YYYY'), 895253, 29.71, 41.69, 48.48),
	(110, TO_DATE('1999', 'YYYY'), 968925, 78.00, 93.70, 110.28),
	(111, TO_DATE('2000', 'YYYY'), 878424, 39.57, 83.21, 87.68),
	(112, TO_DATE('2001', 'YYYY'), 975867, 18.35, 98.65, 121.90),
	(113, TO_DATE('2002', 'YYYY'), 908601, 41.75, 68.01, 69.96),
	(114, TO_DATE('2003', 'YYYY'), 990955, 41.36, 45.28, 66.55),
	(115, TO_DATE('2004', 'YYYY'), 978375, 33.28, 66.98, 75.06),
	(116, TO_DATE('2005', 'YYYY'), 961879, 43.52, 95.56, 112.76),
	(117, TO_DATE('2006', 'YYYY'), 989311, 37.25, 43.73, 45.22),
	(118, TO_DATE('2007', 'YYYY'), 867424, 89.12, 107.92, 113.18),
	(119, TO_DATE('2008', 'YYYY'), 900968, 46.57, 99.12, 103.37),
	(120, TO_DATE('2009', 'YYYY'), 841919, 97.76, 100.04, 104.98),
	(121, TO_DATE('1990', 'YYYY'), 973147, 19.17, 57.89, 58.13),
	(122, TO_DATE('1991', 'YYYY'), 919222, 3.17, 24.68, 39.34),
	(123, TO_DATE('1992', 'YYYY'), 804237, 91.65, 103.82, 107.22),
	(124, TO_DATE('1993', 'YYYY'), 960457, 76.47, 91.62, 100.01),
	(125, TO_DATE('1994', 'YYYY'), 900023, 6.92, 31.74, 36.89),
	(126, TO_DATE('1995', 'YYYY'), 843937, 95.10, 108.75, 133.44),
	(127, TO_DATE('1996', 'YYYY'), 805929, 60.31, 63.59, 70.15),
	(128, TO_DATE('1997', 'YYYY'), 853001, 54.44, 65.95, 97.57),
	(129, TO_DATE('1998', 'YYYY'), 900587, 69.40, 73.04, 88.91),
	(130, TO_DATE('1999', 'YYYY'), 911320, 80.37, 93.56, 102.56),
	(131, TO_DATE('2000', 'YYYY'), 992038, 54.38, 64.30, 71.48),
	(132, TO_DATE('2001', 'YYYY'), 952270, 36.80, 43.16, 44.56),
	(133, TO_DATE('2002', 'YYYY'), 862373, 47.30, 73.52, 76.49),
	(134, TO_DATE('2003', 'YYYY'), 957473, 34.71, 64.43, 84.06),
	(135, TO_DATE('2004', 'YYYY'), 885500, 67.71, 90.62, 98.38),
	(136, TO_DATE('2005', 'YYYY'), 927249, 2.12, 50.64, 95.76),
	(137, TO_DATE('2006', 'YYYY'), 850071, 6.33, 29.89, 44.07),
	(138, TO_DATE('2007', 'YYYY'), 956467, 3.36, 53.07, 58.70),
	(139, TO_DATE('2008', 'YYYY'), 886798, 17.37, 65.87, 88.58),
	(140, TO_DATE('2009', 'YYYY'), 878011, 81.43, 94.20, 97.87),
	(141, TO_DATE('1990', 'YYYY'), 860703, 6.64, 37.61, 71.12),
	(142, TO_DATE('1991', 'YYYY'), 993194, 2.03, 55.17, 63.94),
	(143, TO_DATE('1992', 'YYYY'), 818034, 45.79, 89.42, 91.88),
	(144, TO_DATE('1993', 'YYYY'), 816912, 40.06, 87.63, 107.04),
	(145, TO_DATE('1994', 'YYYY'), 983916, 17.51, 63.48, 64.81),
	(146, TO_DATE('1995', 'YYYY'), 832987, 16.54, 91.76, 101.53),
	(147, TO_DATE('1996', 'YYYY'), 911116, 57.63, 67.16, 88.06),
	(148, TO_DATE('1997', 'YYYY'), 956673, 0.28, 85.93, 89.27),
	(149, TO_DATE('1998', 'YYYY'), 943080, 23.53, 38.90, 48.26),
	(150, TO_DATE('1999', 'YYYY'), 921283, 94.07, 108.13, 122.32),
	(151, TO_DATE('2000', 'YYYY'), 908071, 74.03, 87.16, 87.75),
	(152, TO_DATE('2001', 'YYYY'), 977533, 74.78, 81.93, 101.43),
	(153, TO_DATE('2002', 'YYYY'), 892952, 70.63, 93.53, 106.66),
	(154, TO_DATE('2003', 'YYYY'), 972835, 85.29, 91.72, 112.78),
	(155, TO_DATE('2004', 'YYYY'), 944128, 58.87, 67.99, 81.98),
	(156, TO_DATE('2005', 'YYYY'), 952910, 95.04, 97.28, 114.70),
	(157, TO_DATE('2006', 'YYYY'), 909612, 88.66, 102.98, 121.35),
	(158, TO_DATE('2007', 'YYYY'), 952621, 98.93, 113.60, 136.17),
	(159, TO_DATE('2008', 'YYYY'), 893866, 26.56, 30.23, 87.04),
	(160, TO_DATE('2009', 'YYYY'), 927000, 17.47, 47.50, 93.61),
	(161, TO_DATE('1990', 'YYYY'), 928800, 41.02, 47.77, 75.26),
	(162, TO_DATE('1991', 'YYYY'), 856216, 98.46, 120.93, 129.68),
	(163, TO_DATE('1992', 'YYYY'), 810663, 5.43, 51.19, 54.86),
	(164, TO_DATE('1993', 'YYYY'), 908424, 0.94, 82.54, 101.57),
	(165, TO_DATE('1994', 'YYYY'), 954816, 96.86, 111.58, 128.10),
	(166, TO_DATE('1995', 'YYYY'), 920827, 2.55, 94.88, 116.18),
	(167, TO_DATE('1996', 'YYYY'), 855717, 5.19, 55.78, 58.32),
	(168, TO_DATE('1997', 'YYYY'), 978616, 3.27, 24.04, 28.77),
	(169, TO_DATE('1998', 'YYYY'), 868086, 30.78, 86.00, 92.09),
	(170, TO_DATE('1999', 'YYYY'), 954645, 82.30, 101.54, 111.94),
	(171, TO_DATE('2000', 'YYYY'), 816823, 91.00, 94.02, 111.69),
	(172, TO_DATE('2001', 'YYYY'), 826880, 85.56, 92.77, 104.72),
	(173, TO_DATE('2002', 'YYYY'), 978390, 70.36, 71.43, 78.20),
	(174, TO_DATE('2003', 'YYYY'), 960413, 48.71, 59.11, 61.11),
	(175, TO_DATE('2004', 'YYYY'), 890943, 2.71, 32.43, 76.54),
	(176, TO_DATE('2005', 'YYYY'), 882465, 56.46, 87.28, 93.91),
	(177, TO_DATE('2006', 'YYYY'), 931841, 73.27, 75.81, 92.27),
	(178, TO_DATE('2007', 'YYYY'), 944183, 60.66, 63.68, 75.14),
	(179, TO_DATE('2008', 'YYYY'), 807056, 6.05, 31.48, 43.59),
	(180, TO_DATE('2009', 'YYYY'), 983588, 38.69, 44.45, 74.02),
	(181, TO_DATE('1990', 'YYYY'), 803510, 78.94, 91.68, 104.87),
	(182, TO_DATE('1991', 'YYYY'), 874608, 99.15, 108.74, 135.91),
	(183, TO_DATE('1992', 'YYYY'), 887687, 16.37, 58.08, 65.90),
	(184, TO_DATE('1993', 'YYYY'), 962182, 45.36, 58.09, 60.07),
	(185, TO_DATE('1994', 'YYYY'), 928927, 78.94, 96.27, 98.26),
	(186, TO_DATE('1995', 'YYYY'), 860468, 79.55, 97.04, 115.51),
	(187, TO_DATE('1996', 'YYYY'), 943796, 48.96, 59.31, 77.20),
	(188, TO_DATE('1997', 'YYYY'), 964371, 59.94, 66.20, 96.69),
	(189, TO_DATE('1998', 'YYYY'), 818083, 3.43, 78.64, 86.18),
	(190, TO_DATE('1999', 'YYYY'), 954596, 62.58, 63.70, 68.12),
	(191, TO_DATE('2000', 'YYYY'), 988876, 6.14, 12.24, 51.78),
	(192, TO_DATE('2001', 'YYYY'), 803549, 70.33, 82.16, 90.65),
	(193, TO_DATE('2002', 'YYYY'), 961403, 88.37, 88.49, 88.85),
	(194, TO_DATE('2003', 'YYYY'), 821413, 61.79, 80.10, 93.56),
	(195, TO_DATE('2004', 'YYYY'), 890890, 14.93, 30.71, 98.39),
	(196, TO_DATE('2005', 'YYYY'), 955116, 81.93, 95.08, 108.81),
	(197, TO_DATE('2006', 'YYYY'), 845095, 73.71, 80.26, 87.92),
	(198, TO_DATE('2007', 'YYYY'), 881273, 28.31, 92.34, 107.57),
	(199, TO_DATE('2008', 'YYYY'), 915598, 4.58, 67.02, 85.93),
	(200, TO_DATE('2009', 'YYYY'), 903904, 78.85, 95.46, 95.74),
	(201, TO_DATE('1990', 'YYYY'), 971750, 0.33, 13.00, 35.13),
	(202, TO_DATE('1991', 'YYYY'), 995027, 93.10, 111.91, 128.81),
	(203, TO_DATE('1992', 'YYYY'), 898246, 19.35, 71.24, 82.88),
	(204, TO_DATE('1993', 'YYYY'), 945503, 66.32, 96.61, 110.77),
	(205, TO_DATE('1994', 'YYYY'), 933734, 76.86, 93.75, 99.75),
	(206, TO_DATE('1995', 'YYYY'), 831050, 66.87, 91.55, 108.26),
	(207, TO_DATE('1996', 'YYYY'), 835733, 58.57, 69.44, 81.05),
	(208, TO_DATE('1997', 'YYYY'), 936171, 81.55, 90.87, 95.49),
	(209, TO_DATE('1998', 'YYYY'), 956391, 83.48, 102.36, 120.75),
	(210, TO_DATE('1999', 'YYYY'), 999516, 28.38, 31.03, 84.58),
	(211, TO_DATE('2000', 'YYYY'), 990299, 88.08, 89.47, 93.72),
	(212, TO_DATE('2001', 'YYYY'), 957300, 64.06, 67.63, 94.42),
	(213, TO_DATE('2002', 'YYYY'), 884604, 10.13, 70.73, 81.44),
	(214, TO_DATE('2003', 'YYYY'), 930717, 62.28, 85.67, 91.26),
	(215, TO_DATE('2004', 'YYYY'), 828378, 11.19, 94.75, 105.62),
	(216, TO_DATE('2005', 'YYYY'), 910927, 65.23, 79.17, 94.40),
	(217, TO_DATE('2006', 'YYYY'), 966678, 2.61, 18.58, 25.27),
	(218, TO_DATE('2007', 'YYYY'), 880183, 35.42, 36.40, 78.71),
	(219, TO_DATE('2008', 'YYYY'), 881754, 77.29, 85.67, 99.29),
	(220, TO_DATE('2009', 'YYYY'), 807233, 63.30, 72.29, 82.25),
	(221, TO_DATE('1990', 'YYYY'), 831138, 43.01, 49.83, 50.41),
	(222, TO_DATE('1991', 'YYYY'), 841795, 13.99, 98.84, 100.25),
	(223, TO_DATE('1992', 'YYYY'), 863301, 93.59, 107.76, 125.66),
	(224, TO_DATE('1993', 'YYYY'), 825299, 47.23, 92.50, 100.00),
	(225, TO_DATE('1994', 'YYYY'), 978863, 11.08, 32.77, 80.83),
	(226, TO_DATE('1995', 'YYYY'), 996226, 42.61, 59.54, 69.97),
	(227, TO_DATE('1996', 'YYYY'), 968027, 87.23, 91.45, 106.96),
	(228, TO_DATE('1997', 'YYYY'), 850259, 20.12, 43.49, 45.68),
	(229, TO_DATE('1998', 'YYYY'), 981368, 71.81, 74.35, 87.00),
	(230, TO_DATE('1999', 'YYYY'), 809791, 73.18, 94.53, 105.48),
	(231, TO_DATE('2000', 'YYYY'), 885824, 78.89, 88.02, 91.57),
	(232, TO_DATE('2001', 'YYYY'), 900663, 21.34, 33.06, 75.95),
	(233, TO_DATE('2002', 'YYYY'), 829022, 65.83, 73.23, 78.90),
	(234, TO_DATE('2003', 'YYYY'), 930572, 16.30, 48.86, 52.75),
	(235, TO_DATE('2004', 'YYYY'), 902026, 96.70, 113.73, 139.34),
	(236, TO_DATE('2005', 'YYYY'), 965499, 33.04, 77.98, 79.94),
	(237, TO_DATE('2006', 'YYYY'), 997306, 52.32, 61.42, 90.62),
	(238, TO_DATE('2007', 'YYYY'), 812013, 42.87, 44.44, 92.25),
	(239, TO_DATE('2008', 'YYYY'), 856834, 30.42, 33.01, 47.86),
	(240, TO_DATE('2009', 'YYYY'), 863548, 50.86, 61.95, 84.17),
	(241, TO_DATE('1990', 'YYYY'), 820506, 80.57, 83.21, 87.51),
	(242, TO_DATE('1991', 'YYYY'), 825458, 11.92, 53.43, 53.82),
	(243, TO_DATE('1992', 'YYYY'), 939423, 42.98, 54.44, 66.25),
	(244, TO_DATE('1993', 'YYYY'), 813551, 32.42, 37.77, 80.84),
	(245, TO_DATE('1994', 'YYYY'), 804852, 53.70, 71.46, 81.69),
	(246, TO_DATE('1995', 'YYYY'), 950593, 73.03, 75.50, 93.80),
	(247, TO_DATE('1996', 'YYYY'), 956475, 20.27, 66.17, 71.75),
	(248, TO_DATE('1997', 'YYYY'), 966545, 89.97, 106.85, 114.52),
	(249, TO_DATE('1998', 'YYYY'), 959306, 2.43, 12.92, 67.41),
	(250, TO_DATE('1999', 'YYYY'), 949574, 66.34, 67.80, 73.81),
	(251, TO_DATE('2000', 'YYYY'), 860402, 22.24, 48.39, 85.32),
	(252, TO_DATE('2001', 'YYYY'), 919937, 53.74, 66.16, 72.46),
	(253, TO_DATE('2002', 'YYYY'), 932935, 37.61, 49.61, 53.59),
	(254, TO_DATE('2003', 'YYYY'), 815379, 52.07, 61.35, 75.43),
	(255, TO_DATE('2004', 'YYYY'), 910840, 88.46, 91.40, 112.01),
	(256, TO_DATE('2005', 'YYYY'), 955944, 8.65, 31.26, 48.97),
	(257, TO_DATE('2006', 'YYYY'), 916648, 44.18, 49.50, 50.18),
	(258, TO_DATE('2007', 'YYYY'), 972136, 84.17, 90.48, 110.29),
	(259, TO_DATE('2008', 'YYYY'), 967806, 96.78, 101.90, 112.00),
	(260, TO_DATE('2009', 'YYYY'), 827552, 71.28, 71.70, 75.86),
	(261, TO_DATE('1990', 'YYYY'), 992185, 50.03, 61.93, 65.97),
	(262, TO_DATE('1991', 'YYYY'), 857714, 84.22, 96.77, 98.62),
	(263, TO_DATE('1992', 'YYYY'), 805320, 2.89, 17.88, 51.10),
	(264, TO_DATE('1993', 'YYYY'), 824826, 49.14, 49.20, 59.51),
	(265, TO_DATE('1994', 'YYYY'), 927409, 16.43, 48.04, 51.85),
	(266, TO_DATE('1995', 'YYYY'), 985019, 96.43, 120.05, 127.04),
	(267, TO_DATE('1996', 'YYYY'), 828408, 28.75, 68.03, 77.72),
	(268, TO_DATE('1997', 'YYYY'), 811643, 68.45, 70.09, 79.00),
	(269, TO_DATE('1998', 'YYYY'), 821754, 63.57, 76.10, 77.64),
	(270, TO_DATE('1999', 'YYYY'), 809902, 62.03, 94.98, 115.43),
	(271, TO_DATE('2000', 'YYYY'), 878459, 12.86, 71.55, 76.44),
	(272, TO_DATE('2001', 'YYYY'), 818804, 71.61, 99.05, 104.82),
	(273, TO_DATE('2002', 'YYYY'), 909402, 47.09, 59.11, 88.62),
	(274, TO_DATE('2003', 'YYYY'), 848078, 82.73, 95.60, 108.41),
	(275, TO_DATE('2004', 'YYYY'), 914535, 63.62, 80.42, 91.91),
	(276, TO_DATE('2005', 'YYYY'), 806326, 82.06, 102.46, 127.38),
	(277, TO_DATE('2006', 'YYYY'), 940176, 48.82, 71.10, 93.41),
	(278, TO_DATE('2007', 'YYYY'), 848560, 66.08, 79.93, 95.74),
	(279, TO_DATE('2008', 'YYYY'), 914943, 85.40, 94.89, 112.08),
	(280, TO_DATE('2009', 'YYYY'), 958306, 51.24, 96.22, 117.18),
	(281, TO_DATE('1990', 'YYYY'), 876580, 55.32, 61.29, 72.49),
	(282, TO_DATE('1991', 'YYYY'), 950734, 29.23, 78.55, 88.79),
	(283, TO_DATE('1992', 'YYYY'), 962603, 58.97, 61.01, 70.66),
	(284, TO_DATE('1993', 'YYYY'), 846008, 81.40, 95.80, 110.60),
	(285, TO_DATE('1994', 'YYYY'), 979203, 46.54, 80.05, 81.08),
	(286, TO_DATE('1995', 'YYYY'), 925539, 93.90, 110.71, 119.21),
	(287, TO_DATE('1996', 'YYYY'), 974164, 69.00, 84.20, 99.44),
	(288, TO_DATE('1997', 'YYYY'), 841916, 28.66, 81.31, 99.86),
	(289, TO_DATE('1998', 'YYYY'), 943432, 14.94, 60.40, 67.31),
	(290, TO_DATE('1999', 'YYYY'), 902505, 38.94, 71.53, 72.77),
	(291, TO_DATE('2000', 'YYYY'), 941413, 32.54, 61.91, 69.89),
	(292, TO_DATE('2001', 'YYYY'), 821393, 37.36, 44.26, 55.21),
	(293, TO_DATE('2002', 'YYYY'), 833719, 5.64, 85.19, 96.50),
	(294, TO_DATE('2003', 'YYYY'), 825895, 2.00, 88.03, 100.83),
	(295, TO_DATE('2004', 'YYYY'), 833643, 20.48, 25.35, 91.22),
	(296, TO_DATE('2005', 'YYYY'), 875328, 96.42, 106.19, 112.75),
	(297, TO_DATE('2006', 'YYYY'), 974894, 70.17, 72.67, 73.68),
	(298, TO_DATE('2007', 'YYYY'), 845031, 26.66, 92.52, 99.52),
	(299, TO_DATE('2008', 'YYYY'), 921360, 54.42, 59.55, 73.11),
	(300, TO_DATE('2009', 'YYYY'), 938410, 71.53, 88.77, 97.85),
	(301, TO_DATE('1990', 'YYYY'), 988158, 2.44, 72.15, 76.70),
	(302, TO_DATE('1991', 'YYYY'), 820265, 60.18, 70.56, 75.42),
	(303, TO_DATE('1992', 'YYYY'), 835912, 70.63, 84.29, 92.99),
	(304, TO_DATE('1993', 'YYYY'), 875580, 76.40, 81.99, 98.89),
	(305, TO_DATE('1994', 'YYYY'), 891550, 18.01, 33.91, 55.67),
	(306, TO_DATE('1995', 'YYYY'), 962462, 26.42, 62.68, 66.51),
	(307, TO_DATE('1996', 'YYYY'), 861391, 8.62, 76.95, 91.84),
	(308, TO_DATE('1997', 'YYYY'), 975183, 94.19, 95.35, 104.98),
	(309, TO_DATE('1998', 'YYYY'), 807048, 20.41, 33.99, 35.04),
	(310, TO_DATE('1999', 'YYYY'), 997964, 89.51, 98.83, 110.64),
	(311, TO_DATE('2000', 'YYYY'), 850731, 43.09, 91.00, 95.42),
	(312, TO_DATE('2001', 'YYYY'), 948676, 53.88, 59.45, 66.05),
	(313, TO_DATE('2002', 'YYYY'), 881570, 39.47, 41.44, 47.62),
	(314, TO_DATE('2003', 'YYYY'), 873152, 84.38, 104.76, 125.28),
	(315, TO_DATE('2004', 'YYYY'), 894841, 97.32, 116.63, 131.45),
	(316, TO_DATE('2005', 'YYYY'), 822472, 67.57, 81.11, 88.12),
	(317, TO_DATE('2006', 'YYYY'), 805817, 64.42, 89.16, 90.85),
	(318, TO_DATE('2007', 'YYYY'), 914849, 65.62, 78.99, 93.04),
	(319, TO_DATE('2008', 'YYYY'), 879559, 20.78, 41.22, 48.79),
	(320, TO_DATE('2009', 'YYYY'), 937768, 46.78, 94.22, 117.20),
	(321, TO_DATE('1990', 'YYYY'), 987798, 15.92, 63.08, 67.89),
	(322, TO_DATE('1991', 'YYYY'), 926865, 83.45, 98.83, 117.99),
	(323, TO_DATE('1992', 'YYYY'), 876475, 18.14, 66.41, 72.28),
	(324, TO_DATE('1993', 'YYYY'), 832338, 96.84, 108.81, 128.08),
	(325, TO_DATE('1994', 'YYYY'), 932086, 49.56, 54.62, 56.13),
	(326, TO_DATE('1995', 'YYYY'), 803228, 72.00, 83.22, 86.27),
	(327, TO_DATE('1996', 'YYYY'), 858596, 70.44, 87.25, 89.24),
	(328, TO_DATE('1997', 'YYYY'), 820250, 46.25, 48.65, 52.10),
	(329, TO_DATE('1998', 'YYYY'), 973809, 77.04, 94.09, 109.51),
	(330, TO_DATE('1999', 'YYYY'), 833820, 54.40, 55.75, 69.13),
	(331, TO_DATE('2000', 'YYYY'), 874204, 22.16, 24.60, 58.23),
	(332, TO_DATE('2001', 'YYYY'), 902733, 73.92, 87.34, 102.07),
	(333, TO_DATE('2002', 'YYYY'), 835588, 74.13, 95.41, 110.18),
	(334, TO_DATE('2003', 'YYYY'), 978806, 24.63, 62.48, 70.14),
	(335, TO_DATE('2004', 'YYYY'), 929491, 14.51, 17.21, 20.88),
	(336, TO_DATE('2005', 'YYYY'), 844813, 20.29, 20.80, 22.92),
	(337, TO_DATE('2006', 'YYYY'), 808416, 71.29, 85.38, 100.49),
	(338, TO_DATE('2007', 'YYYY'), 854801, 41.12, 99.05, 122.97),
	(339, TO_DATE('2008', 'YYYY'), 870257, 12.57, 56.44, 82.26),
	(340, TO_DATE('2009', 'YYYY'), 895710, 88.34, 106.66, 116.60),
	(341, TO_DATE('1990', 'YYYY'), 963105, 57.90, 63.04, 71.63),
	(342, TO_DATE('1991', 'YYYY'), 998296, 11.05, 47.49, 77.58),
	(343, TO_DATE('1992', 'YYYY'), 873400, 53.82, 89.85, 108.77),
	(344, TO_DATE('1993', 'YYYY'), 942423, 5.57, 9.22, 71.41),
	(345, TO_DATE('1994', 'YYYY'), 909274, 94.60, 100.15, 102.68),
	(346, TO_DATE('1995', 'YYYY'), 912276, 28.25, 28.99, 98.99),
	(347, TO_DATE('1996', 'YYYY'), 903606, 57.17, 81.24, 88.22),
	(348, TO_DATE('1997', 'YYYY'), 872395, 43.73, 48.17, 56.13),
	(349, TO_DATE('1998', 'YYYY'), 867361, 85.80, 102.35, 109.72),
	(350, TO_DATE('1999', 'YYYY'), 974208, 64.04, 77.72, 80.68),
	(351, TO_DATE('2000', 'YYYY'), 933327, 51.55, 60.24, 91.95),
	(352, TO_DATE('2001', 'YYYY'), 869812, 17.91, 63.36, 65.63),
	(353, TO_DATE('2002', 'YYYY'), 889606, 92.56, 105.90, 127.64),
	(354, TO_DATE('2003', 'YYYY'), 961496, 37.22, 47.20, 61.62),
	(355, TO_DATE('2004', 'YYYY'), 895689, 28.43, 88.92, 106.56),
	(356, TO_DATE('2005', 'YYYY'), 801387, 26.15, 47.84, 73.77),
	(357, TO_DATE('2006', 'YYYY'), 826580, 64.39, 73.99, 82.77),
	(358, TO_DATE('2007', 'YYYY'), 984891, 19.60, 31.17, 46.28),
	(359, TO_DATE('2008', 'YYYY'), 845994, 39.86, 48.19, 52.33),
	(360, TO_DATE('2009', 'YYYY'), 847691, 1.57, 62.20, 70.27),
	(361, TO_DATE('1990', 'YYYY'), 887390, 98.67, 117.15, 132.08),
	(362, TO_DATE('1991', 'YYYY'), 921467, 65.68, 76.55, 87.67),
	(363, TO_DATE('1992', 'YYYY'), 845297, 65.46, 70.13, 83.79),
	(364, TO_DATE('1993', 'YYYY'), 987905, 17.97, 40.02, 43.57),
	(365, TO_DATE('1994', 'YYYY'), 816992, 97.91, 110.24, 121.01),
	(366, TO_DATE('1995', 'YYYY'), 908507, 43.49, 57.05, 88.65),
	(367, TO_DATE('1996', 'YYYY'), 808705, 95.27, 112.15, 125.22),
	(368, TO_DATE('1997', 'YYYY'), 832740, 79.08, 90.45, 90.96),
	(369, TO_DATE('1998', 'YYYY'), 850423, 29.86, 35.74, 40.43),
	(370, TO_DATE('1999', 'YYYY'), 838231, 82.43, 85.10, 89.64),
	(371, TO_DATE('2000', 'YYYY'), 992228, 14.01, 55.89, 67.44),
	(372, TO_DATE('2001', 'YYYY'), 926635, 95.90, 114.97, 129.28),
	(373, TO_DATE('2002', 'YYYY'), 942653, 55.37, 66.61, 77.93),
	(374, TO_DATE('2003', 'YYYY'), 804380, 82.14, 99.96, 107.19),
	(375, TO_DATE('2004', 'YYYY'), 877797, 16.84, 23.31, 74.23),
	(376, TO_DATE('2005', 'YYYY'), 971986, 34.68, 65.19, 73.65),
	(377, TO_DATE('2006', 'YYYY'), 926868, 71.07, 87.27, 103.69),
	(378, TO_DATE('2007', 'YYYY'), 962561, 31.15, 49.69, 51.07),
	(379, TO_DATE('2008', 'YYYY'), 921153, 5.57, 40.88, 77.12),
	(380, TO_DATE('2009', 'YYYY'), 937062, 83.92, 91.44, 95.28),
	(381, TO_DATE('1990', 'YYYY'), 986605, 16.53, 18.99, 38.13),
	(382, TO_DATE('1991', 'YYYY'), 817005, 6.55, 20.32, 76.06),
	(383, TO_DATE('1992', 'YYYY'), 943325, 43.63, 50.28, 57.00),
	(384, TO_DATE('1993', 'YYYY'), 816604, 15.47, 92.94, 112.53),
	(385, TO_DATE('1994', 'YYYY'), 948268, 80.21, 83.09, 102.34),
	(386, TO_DATE('1995', 'YYYY'), 995237, 52.57, 54.55, 56.50),
	(387, TO_DATE('1996', 'YYYY'), 848615, 82.28, 95.32, 107.27),
	(388, TO_DATE('1997', 'YYYY'), 977255, 25.04, 54.89, 60.35),
	(389, TO_DATE('1998', 'YYYY'), 906986, 61.48, 74.33, 77.38),
	(390, TO_DATE('1999', 'YYYY'), 947274, 63.91, 64.20, 91.41),
	(391, TO_DATE('2000', 'YYYY'), 828696, 66.55, 77.25, 85.83),
	(392, TO_DATE('2001', 'YYYY'), 972718, 3.63, 28.65, 68.54),
	(393, TO_DATE('2002', 'YYYY'), 839171, 31.53, 32.21, 95.18),
	(394, TO_DATE('2003', 'YYYY'), 934413, 49.96, 51.67, 55.15),
	(395, TO_DATE('2004', 'YYYY'), 861501, 85.27, 87.11, 98.43),
	(396, TO_DATE('2005', 'YYYY'), 968684, 56.72, 60.61, 67.02),
	(397, TO_DATE('2006', 'YYYY'), 844834, 47.48, 92.09, 109.24),
	(398, TO_DATE('2007', 'YYYY'), 879900, 8.36, 77.62, 96.52),
	(399, TO_DATE('2008', 'YYYY'), 922464, 88.31, 93.04, 103.44),
	(400, TO_DATE('2009', 'YYYY'), 963066, 33.38, 33.80, 75.77),
	(401, TO_DATE('1990', 'YYYY'), 970827, 34.01, 70.95, 84.47),
	(402, TO_DATE('1991', 'YYYY'), 825295, 22.61, 91.23, 107.44),
	(403, TO_DATE('1992', 'YYYY'), 916885, 93.07, 107.70, 125.88),
	(404, TO_DATE('1993', 'YYYY'), 821891, 18.52, 70.06, 85.49),
	(405, TO_DATE('1994', 'YYYY'), 816449, 62.14, 69.72, 77.37),
	(406, TO_DATE('1995', 'YYYY'), 993825, 31.80, 96.27, 117.60),
	(407, TO_DATE('1996', 'YYYY'), 844623, 0.99, 2.31, 12.05),
	(408, TO_DATE('1997', 'YYYY'), 883271, 27.76, 87.82, 99.27),
	(409, TO_DATE('1998', 'YYYY'), 871851, 58.76, 62.96, 77.22),
	(410, TO_DATE('1999', 'YYYY'), 881182, 39.49, 61.95, 89.24),
	(411, TO_DATE('2000', 'YYYY'), 868104, 76.58, 84.00, 103.34),
	(412, TO_DATE('2001', 'YYYY'), 968482, 77.48, 89.05, 105.60),
	(413, TO_DATE('2002', 'YYYY'), 871189, 4.49, 38.44, 38.93),
	(414, TO_DATE('2003', 'YYYY'), 855206, 34.70, 55.50, 56.40),
	(415, TO_DATE('2004', 'YYYY'), 826829, 57.81, 68.45, 70.05),
	(416, TO_DATE('2005', 'YYYY'), 900287, 56.27, 69.31, 81.99),
	(417, TO_DATE('2006', 'YYYY'), 927535, 17.57, 93.08, 96.39),
	(418, TO_DATE('2007', 'YYYY'), 818315, 55.02, 85.63, 89.61),
	(419, TO_DATE('2008', 'YYYY'), 926246, 93.05, 95.21, 98.08),
	(420, TO_DATE('2009', 'YYYY'), 800707, 22.25, 87.75, 97.88),
	(421, TO_DATE('1990', 'YYYY'), 846801, 26.18, 26.79, 63.02),
	(422, TO_DATE('1991', 'YYYY'), 977984, 75.74, 76.22, 96.56),
	(423, TO_DATE('1992', 'YYYY'), 874508, 87.86, 88.56, 107.67),
	(424, TO_DATE('1993', 'YYYY'), 841262, 35.90, 66.44, 75.75),
	(425, TO_DATE('1994', 'YYYY'), 817115, 59.52, 70.40, 80.92),
	(426, TO_DATE('1995', 'YYYY'), 949322, 41.15, 41.27, 46.12),
	(427, TO_DATE('1996', 'YYYY'), 972834, 72.06, 72.79, 77.50),
	(428, TO_DATE('1997', 'YYYY'), 929514, 60.54, 75.38, 77.57),
	(429, TO_DATE('1998', 'YYYY'), 858065, 35.08, 84.06, 89.61),
	(430, TO_DATE('1999', 'YYYY'), 947730, 3.47, 44.13, 44.36),
	(431, TO_DATE('2000', 'YYYY'), 971274, 10.73, 63.46, 67.18),
	(432, TO_DATE('2001', 'YYYY'), 849354, 29.90, 94.59, 94.66),
	(433, TO_DATE('2002', 'YYYY'), 807356, 50.11, 60.69, 64.63),
	(434, TO_DATE('2003', 'YYYY'), 841261, 10.71, 50.05, 50.46),
	(435, TO_DATE('2004', 'YYYY'), 936482, 22.84, 30.14, 77.07),
	(436, TO_DATE('2005', 'YYYY'), 866963, 44.98, 98.10, 119.13),
	(437, TO_DATE('2006', 'YYYY'), 946239, 82.16, 99.81, 115.82),
	(438, TO_DATE('2007', 'YYYY'), 815260, 61.79, 66.11, 76.95),
	(439, TO_DATE('2008', 'YYYY'), 804886, 98.68, 111.06, 130.18),
	(440, TO_DATE('2009', 'YYYY'), 871673, 6.97, 19.20, 22.78),
	(441, TO_DATE('1990', 'YYYY'), 870071, 29.78, 36.80, 48.31),
	(442, TO_DATE('1991', 'YYYY'), 977178, 71.96, 73.75, 78.56),
	(443, TO_DATE('1992', 'YYYY'), 968609, 3.88, 4.20, 78.16),
	(444, TO_DATE('1993', 'YYYY'), 993308, 98.42, 122.04, 150.95),
	(445, TO_DATE('1994', 'YYYY'), 906125, 65.89, 69.19, 83.48),
	(446, TO_DATE('1995', 'YYYY'), 919846, 54.99, 56.88, 57.04),
	(447, TO_DATE('1996', 'YYYY'), 961078, 55.51, 60.92, 82.23),
	(448, TO_DATE('1997', 'YYYY'), 967269, 38.49, 38.69, 38.88),
	(449, TO_DATE('1998', 'YYYY'), 853109, 22.12, 67.85, 76.59),
	(450, TO_DATE('1999', 'YYYY'), 829907, 41.59, 42.39, 88.86),
	(451, TO_DATE('2000', 'YYYY'), 950687, 32.31, 67.01, 94.33),
	(452, TO_DATE('2001', 'YYYY'), 825445, 15.24, 23.24, 28.71),
	(453, TO_DATE('2002', 'YYYY'), 828948, 43.01, 77.47, 86.25),
	(454, TO_DATE('2003', 'YYYY'), 881250, 20.59, 24.40, 51.66),
	(455, TO_DATE('2004', 'YYYY'), 864089, 28.25, 33.89, 38.57),
	(456, TO_DATE('2005', 'YYYY'), 882998, 34.09, 58.11, 64.04),
	(457, TO_DATE('2006', 'YYYY'), 865164, 25.95, 43.73, 50.27),
	(458, TO_DATE('2007', 'YYYY'), 854994, 75.72, 76.98, 89.98),
	(459, TO_DATE('2008', 'YYYY'), 997467, 6.13, 7.32, 38.74),
	(460, TO_DATE('2009', 'YYYY'), 951297, 30.56, 50.02, 52.50),
	(461, TO_DATE('1990', 'YYYY'), 881099, 27.48, 31.88, 71.56),
	(462, TO_DATE('1991', 'YYYY'), 931831, 20.23, 23.22, 24.16),
	(463, TO_DATE('1992', 'YYYY'), 985881, 57.11, 62.72, 77.91),
	(464, TO_DATE('1993', 'YYYY'), 913786, 20.82, 50.18, 59.94),
	(465, TO_DATE('1994', 'YYYY'), 876871, 93.90, 97.66, 111.96),
	(466, TO_DATE('1995', 'YYYY'), 928894, 36.78, 45.69, 77.64),
	(467, TO_DATE('1996', 'YYYY'), 807863, 34.62, 42.33, 64.26),
	(468, TO_DATE('1997', 'YYYY'), 851263, 66.39, 66.75, 72.10),
	(469, TO_DATE('1998', 'YYYY'), 809304, 78.01, 88.30, 108.15),
	(470, TO_DATE('1999', 'YYYY'), 885474, 33.50, 66.08, 79.74),
	(471, TO_DATE('2000', 'YYYY'), 859021, 28.80, 61.89, 81.80),
	(472, TO_DATE('2001', 'YYYY'), 823834, 12.06, 29.19, 96.38),
	(473, TO_DATE('2002', 'YYYY'), 880125, 26.84, 30.81, 75.57),
	(474, TO_DATE('2003', 'YYYY'), 989614, 37.98, 53.20, 59.71),
	(475, TO_DATE('2004', 'YYYY'), 988160, 69.57, 70.77, 73.14),
	(476, TO_DATE('2005', 'YYYY'), 970168, 37.51, 76.49, 87.17),
	(477, TO_DATE('2006', 'YYYY'), 978952, 86.77, 93.42, 107.17),
	(478, TO_DATE('2007', 'YYYY'), 962115, 37.81, 60.45, 71.31),
	(479, TO_DATE('2008', 'YYYY'), 985520, 22.33, 92.66, 108.87),
	(480, TO_DATE('2009', 'YYYY'), 984757, 21.85, 23.51, 40.34),
	(481, TO_DATE('1990', 'YYYY'), 967706, 23.27, 27.54, 32.95),
	(482, TO_DATE('1991', 'YYYY'), 843565, 69.11, 70.63, 86.80),
	(483, TO_DATE('1992', 'YYYY'), 875694, 89.56, 93.97, 98.12),
	(484, TO_DATE('1993', 'YYYY'), 821943, 48.06, 52.49, 55.71),
	(485, TO_DATE('1994', 'YYYY'), 989307, 76.16, 94.41, 102.29),
	(486, TO_DATE('1995', 'YYYY'), 967126, 16.77, 65.96, 80.56),
	(487, TO_DATE('1996', 'YYYY'), 924285, 58.61, 96.77, 97.67),
	(488, TO_DATE('1997', 'YYYY'), 875724, 9.36, 13.82, 29.13),
	(489, TO_DATE('1998', 'YYYY'), 945507, 29.73, 41.42, 93.86),
	(490, TO_DATE('1999', 'YYYY'), 922516, 60.22, 72.84, 73.93),
	(491, TO_DATE('2000', 'YYYY'), 997799, 99.26, 111.38, 132.53),
	(492, TO_DATE('2001', 'YYYY'), 898403, 16.55, 19.42, 82.14),
	(493, TO_DATE('2002', 'YYYY'), 946166, 75.75, 94.03, 100.69),
	(494, TO_DATE('2003', 'YYYY'), 985172, 3.18, 87.22, 97.02),
	(495, TO_DATE('2004', 'YYYY'), 992657, 83.99, 89.07, 109.04),
	(496, TO_DATE('2005', 'YYYY'), 914463, 18.90, 71.37, 79.49),
	(497, TO_DATE('2006', 'YYYY'), 822013, 12.79, 19.83, 47.45),
	(498, TO_DATE('2007', 'YYYY'), 915278, 47.51, 84.95, 86.48),
	(499, TO_DATE('2008', 'YYYY'), 808957, 97.07, 99.60, 118.98),
	(500, TO_DATE('2009', 'YYYY'), 903390, 19.02, 76.22, 82.53),
	(501, TO_DATE('1990', 'YYYY'), 821176, 13.44, 16.34, 87.27),
	(502, TO_DATE('1991', 'YYYY'), 944005, 0.20, 18.87, 78.40),
	(503, TO_DATE('1992', 'YYYY'), 871189, 23.95, 26.62, 77.52),
	(504, TO_DATE('1993', 'YYYY'), 857550, 92.00, 95.48, 115.32),
	(505, TO_DATE('1994', 'YYYY'), 992938, 23.31, 38.90, 77.78),
	(506, TO_DATE('1995', 'YYYY'), 811676, 23.84, 24.38, 29.76),
	(507, TO_DATE('1996', 'YYYY'), 917169, 0.14, 11.65, 34.52),
	(508, TO_DATE('1997', 'YYYY'), 922037, 87.87, 106.73, 120.63),
	(509, TO_DATE('1998', 'YYYY'), 971731, 53.81, 54.97, 59.14),
	(510, TO_DATE('1999', 'YYYY'), 876215, 20.03, 96.32, 110.41),
	(511, TO_DATE('2000', 'YYYY'), 879549, 16.95, 19.93, 86.80),
	(512, TO_DATE('2001', 'YYYY'), 905113, 19.18, 78.25, 91.97),
	(513, TO_DATE('2002', 'YYYY'), 953217, 17.15, 91.49, 104.77),
	(514, TO_DATE('2003', 'YYYY'), 854761, 92.02, 99.87, 111.82),
	(515, TO_DATE('2004', 'YYYY'), 879789, 42.51, 96.41, 107.70),
	(516, TO_DATE('2005', 'YYYY'), 967401, 37.23, 43.81, 53.58),
	(517, TO_DATE('2006', 'YYYY'), 877332, 26.36, 49.59, 57.42),
	(518, TO_DATE('2007', 'YYYY'), 839843, 45.90, 83.20, 90.34),
	(519, TO_DATE('2008', 'YYYY'), 830115, 98.88, 101.86, 122.70),
	(520, TO_DATE('2009', 'YYYY'), 808911, 55.38, 85.49, 103.27),
	(521, TO_DATE('1990', 'YYYY'), 928379, 76.98, 93.06, 106.56),
	(522, TO_DATE('1991', 'YYYY'), 932517, 4.67, 75.39, 79.99),
	(523, TO_DATE('1992', 'YYYY'), 956884, 71.79, 72.44, 77.54),
	(524, TO_DATE('1993', 'YYYY'), 991928, 97.63, 106.84, 106.88),
	(525, TO_DATE('1994', 'YYYY'), 817293, 58.80, 59.77, 70.35),
	(526, TO_DATE('1995', 'YYYY'), 974607, 28.27, 60.68, 67.54),
	(527, TO_DATE('1996', 'YYYY'), 837640, 37.82, 39.31, 45.19),
	(528, TO_DATE('1997', 'YYYY'), 804292, 24.80, 30.51, 65.71),
	(529, TO_DATE('1998', 'YYYY'), 878186, 79.53, 99.09, 120.30),
	(530, TO_DATE('1999', 'YYYY'), 946361, 54.60, 59.19, 60.96),
	(531, TO_DATE('2000', 'YYYY'), 832906, 4.33, 8.90, 35.40),
	(532, TO_DATE('2001', 'YYYY'), 959832, 18.11, 35.44, 43.64),
	(533, TO_DATE('2002', 'YYYY'), 874642, 80.51, 96.27, 105.67),
	(534, TO_DATE('2003', 'YYYY'), 887829, 56.95, 63.37, 67.59),
	(535, TO_DATE('2004', 'YYYY'), 825576, 88.44, 103.21, 113.75),
	(536, TO_DATE('2005', 'YYYY'), 948915, 86.82, 97.06, 112.05),
	(537, TO_DATE('2006', 'YYYY'), 981810, 32.86, 85.74, 93.40),
	(538, TO_DATE('2007', 'YYYY'), 912751, 17.64, 81.89, 95.71),
	(539, TO_DATE('2008', 'YYYY'), 828770, 90.79, 94.61, 94.86),
	(540, TO_DATE('2009', 'YYYY'), 880714, 84.66, 92.15, 108.83);
INSERT INTO product_year_join(product_id, year_id)
VALUES
	(1, 1),
	(1, 2),
	(1, 3),
	(1, 4),
	(1, 5),
	(1, 6),
	(1, 7),
	(1, 8),
	(1, 9),
	(1, 10),
	(1, 11),
	(1, 12),
	(1, 13),
	(1, 14),
	(1, 15),
	(1, 16),
	(1, 17),
	(1, 18),
	(1, 19),
	(1, 20),
	(2, 21),
	(2, 22),
	(2, 23),
	(2, 24),
	(2, 25),
	(2, 26),
	(2, 27),
	(2, 28),
	(2, 29),
	(2, 30),
	(2, 31),
	(2, 32),
	(2, 33),
	(2, 34),
	(2, 35),
	(2, 36),
	(2, 37),
	(2, 38),
	(2, 39),
	(2, 40),
	(3, 41),
	(3, 42),
	(3, 43),
	(3, 44),
	(3, 45),
	(3, 46),
	(3, 47),
	(3, 48),
	(3, 49),
	(3, 50),
	(3, 51),
	(3, 52),
	(3, 53),
	(3, 54),
	(3, 55),
	(3, 56),
	(3, 57),
	(3, 58),
	(3, 59),
	(3, 60),
	(4, 61),
	(4, 62),
	(4, 63),
	(4, 64),
	(4, 65),
	(4, 66),
	(4, 67),
	(4, 68),
	(4, 69),
	(4, 70),
	(4, 71),
	(4, 72),
	(4, 73),
	(4, 74),
	(4, 75),
	(4, 76),
	(4, 77),
	(4, 78),
	(4, 79),
	(4, 80),
	(5, 81),
	(5, 82),
	(5, 83),
	(5, 84),
	(5, 85),
	(5, 86),
	(5, 87),
	(5, 88),
	(5, 89),
	(5, 90),
	(5, 91),
	(5, 92),
	(5, 93),
	(5, 94),
	(5, 95),
	(5, 96),
	(5, 97),
	(5, 98),
	(5, 99),
	(5, 100),
	(6, 101),
	(6, 102),
	(6, 103),
	(6, 104),
	(6, 105),
	(6, 106),
	(6, 107),
	(6, 108),
	(6, 109),
	(6, 110),
	(6, 111),
	(6, 112),
	(6, 113),
	(6, 114),
	(6, 115),
	(6, 116),
	(6, 117),
	(6, 118),
	(6, 119),
	(6, 120),
	(7, 121),
	(7, 122),
	(7, 123),
	(7, 124),
	(7, 125),
	(7, 126),
	(7, 127),
	(7, 128),
	(7, 129),
	(7, 130),
	(7, 131),
	(7, 132),
	(7, 133),
	(7, 134),
	(7, 135),
	(7, 136),
	(7, 137),
	(7, 138),
	(7, 139),
	(7, 140),
	(8, 141),
	(8, 142),
	(8, 143),
	(8, 144),
	(8, 145),
	(8, 146),
	(8, 147),
	(8, 148),
	(8, 149),
	(8, 150),
	(8, 151),
	(8, 152),
	(8, 153),
	(8, 154),
	(8, 155),
	(8, 156),
	(8, 157),
	(8, 158),
	(8, 159),
	(8, 160),
	(9, 161),
	(9, 162),
	(9, 163),
	(9, 164),
	(9, 165),
	(9, 166),
	(9, 167),
	(9, 168),
	(9, 169),
	(9, 170),
	(9, 171),
	(9, 172),
	(9, 173),
	(9, 174),
	(9, 175),
	(9, 176),
	(9, 177),
	(9, 178),
	(9, 179),
	(9, 180),
	(10, 181),
	(10, 182),
	(10, 183),
	(10, 184),
	(10, 185),
	(10, 186),
	(10, 187),
	(10, 188),
	(10, 189),
	(10, 190),
	(10, 191),
	(10, 192),
	(10, 193),
	(10, 194),
	(10, 195),
	(10, 196),
	(10, 197),
	(10, 198),
	(10, 199),
	(10, 200),
	(11, 201),
	(11, 202),
	(11, 203),
	(11, 204),
	(11, 205),
	(11, 206),
	(11, 207),
	(11, 208),
	(11, 209),
	(11, 210),
	(11, 211),
	(11, 212),
	(11, 213),
	(11, 214),
	(11, 215),
	(11, 216),
	(11, 217),
	(11, 218),
	(11, 219),
	(11, 220),
	(12, 221),
	(12, 222),
	(12, 223),
	(12, 224),
	(12, 225),
	(12, 226),
	(12, 227),
	(12, 228),
	(12, 229),
	(12, 230),
	(12, 231),
	(12, 232),
	(12, 233),
	(12, 234),
	(12, 235),
	(12, 236),
	(12, 237),
	(12, 238),
	(12, 239),
	(12, 240),
	(13, 241),
	(13, 242),
	(13, 243),
	(13, 244),
	(13, 245),
	(13, 246),
	(13, 247),
	(13, 248),
	(13, 249),
	(13, 250),
	(13, 251),
	(13, 252),
	(13, 253),
	(13, 254),
	(13, 255),
	(13, 256),
	(13, 257),
	(13, 258),
	(13, 259),
	(13, 260),
	(14, 261),
	(14, 262),
	(14, 263),
	(14, 264),
	(14, 265),
	(14, 266),
	(14, 267),
	(14, 268),
	(14, 269),
	(14, 270),
	(14, 271),
	(14, 272),
	(14, 273),
	(14, 274),
	(14, 275),
	(14, 276),
	(14, 277),
	(14, 278),
	(14, 279),
	(14, 280),
	(15, 281),
	(15, 282),
	(15, 283),
	(15, 284),
	(15, 285),
	(15, 286),
	(15, 287),
	(15, 288),
	(15, 289),
	(15, 290),
	(15, 291),
	(15, 292),
	(15, 293),
	(15, 294),
	(15, 295),
	(15, 296),
	(15, 297),
	(15, 298),
	(15, 299),
	(15, 300),
	(16, 301),
	(16, 302),
	(16, 303),
	(16, 304),
	(16, 305),
	(16, 306),
	(16, 307),
	(16, 308),
	(16, 309),
	(16, 310),
	(16, 311),
	(16, 312),
	(16, 313),
	(16, 314),
	(16, 315),
	(16, 316),
	(16, 317),
	(16, 318),
	(16, 319),
	(16, 320),
	(17, 321),
	(17, 322),
	(17, 323),
	(17, 324),
	(17, 325),
	(17, 326),
	(17, 327),
	(17, 328),
	(17, 329),
	(17, 330),
	(17, 331),
	(17, 332),
	(17, 333),
	(17, 334),
	(17, 335),
	(17, 336),
	(17, 337),
	(17, 338),
	(17, 339),
	(17, 340),
	(18, 341),
	(18, 342),
	(18, 343),
	(18, 344),
	(18, 345),
	(18, 346),
	(18, 347),
	(18, 348),
	(18, 349),
	(18, 350),
	(18, 351),
	(18, 352),
	(18, 353),
	(18, 354),
	(18, 355),
	(18, 356),
	(18, 357),
	(18, 358),
	(18, 359),
	(18, 360),
	(19, 361),
	(19, 362),
	(19, 363),
	(19, 364),
	(19, 365),
	(19, 366),
	(19, 367),
	(19, 368),
	(19, 369),
	(19, 370),
	(19, 371),
	(19, 372),
	(19, 373),
	(19, 374),
	(19, 375),
	(19, 376),
	(19, 377),
	(19, 378),
	(19, 379),
	(19, 380),
	(20, 381),
	(20, 382),
	(20, 383),
	(20, 384),
	(20, 385),
	(20, 386),
	(20, 387),
	(20, 388),
	(20, 389),
	(20, 390),
	(20, 391),
	(20, 392),
	(20, 393),
	(20, 394),
	(20, 395),
	(20, 396),
	(20, 397),
	(20, 398),
	(20, 399),
	(20, 400),
	(21, 401),
	(21, 402),
	(21, 403),
	(21, 404),
	(21, 405),
	(21, 406),
	(21, 407),
	(21, 408),
	(21, 409),
	(21, 410),
	(21, 411),
	(21, 412),
	(21, 413),
	(21, 414),
	(21, 415),
	(21, 416),
	(21, 417),
	(21, 418),
	(21, 419),
	(21, 420),
	(22, 421),
	(22, 422),
	(22, 423),
	(22, 424),
	(22, 425),
	(22, 426),
	(22, 427),
	(22, 428),
	(22, 429),
	(22, 430),
	(22, 431),
	(22, 432),
	(22, 433),
	(22, 434),
	(22, 435),
	(22, 436),
	(22, 437),
	(22, 438),
	(22, 439),
	(22, 440),
	(23, 441),
	(23, 442),
	(23, 443),
	(23, 444),
	(23, 445),
	(23, 446),
	(23, 447),
	(23, 448),
	(23, 449),
	(23, 450),
	(23, 451),
	(23, 452),
	(23, 453),
	(23, 454),
	(23, 455),
	(23, 456),
	(23, 457),
	(23, 458),
	(23, 459),
	(23, 460),
	(24, 461),
	(24, 462),
	(24, 463),
	(24, 464),
	(24, 465),
	(24, 466),
	(24, 467),
	(24, 468),
	(24, 469),
	(24, 470),
	(24, 471),
	(24, 472),
	(24, 473),
	(24, 474),
	(24, 475),
	(24, 476),
	(24, 477),
	(24, 478),
	(24, 479),
	(24, 480),
	(25, 481),
	(25, 482),
	(25, 483),
	(25, 484),
	(25, 485),
	(25, 486),
	(25, 487),
	(25, 488),
	(25, 489),
	(25, 490),
	(25, 491),
	(25, 492),
	(25, 493),
	(25, 494),
	(25, 495),
	(25, 496),
	(25, 497),
	(25, 498),
	(25, 499),
	(25, 500),
	(26, 501),
	(26, 502),
	(26, 503),
	(26, 504),
	(26, 505),
	(26, 506),
	(26, 507),
	(26, 508),
	(26, 509),
	(26, 510),
	(26, 511),
	(26, 512),
	(26, 513),
	(26, 514),
	(26, 515),
	(26, 516),
	(26, 517),
	(26, 518),
	(26, 519),
	(26, 520),
	(27, 521),
	(27, 522),
	(27, 523),
	(27, 524),
	(27, 525),
	(27, 526),
	(27, 527),
	(27, 528),
	(27, 529),
	(27, 530),
	(27, 531),
	(27, 532),
	(27, 533),
	(27, 534),
	(27, 535),
	(27, 536),
	(27, 537),
	(27, 538),
	(27, 539),
	(27, 540);
