INSERT INTO products(product_id, product_name, category, amount_in_stock, acme_rating, user_rating)
VALUES
	(1, 'Hammer', 'Evil', 57761, 4.09, 3.73),
	(2, 'Nails', 'General', 667779, 2.70, 2.15),
	(3, 'Screwdriver', 'Evil', 995111, 1.18, 1.38),
	(4, 'Uranium-238 (5 kg)', 'Evil', 788286, 2.38, 0.09),
	(5, 'Turnip Flavored Grenades', 'Godly', 811066, 1.73, 1.73),
	(6, 'Iron Anvil', 'Unsafe', 958299, 3.19, 0.70),
	(7, 'Mk. 2000 Ray Gun', 'Godly', 542072, 3.30, 4.89),
	(8, 'ACME Inc. Dynamite', 'Potato', 248820, 3.61, 3.44),
	(9, 'Cactus Football', 'Evil', 69885, 0.44, 2.70),
	(10, 'Antimatter Egg', 'Potato', 130248, 4.78, 3.14),
	(11, 'Soul of Harambe', 'Potato', 63431, 2.61, 0.95),
	(12, 'Mint Air Freshener', 'Godly', 685495, 0.25, 4.98),
	(13, 'Black Powder Bomb', 'Godly', 192562, 1.67, 1.97),
	(14, 'Broken Surge Protector', 'General', 797922, 0.09, 4.86),
	(15, 'Broken 5GB USB Drive', 'Evil', 557318, 0.75, 3.39),
	(16, 'Penny', 'Potato', 489113, 1.84, 4.36),
	(17, 'Orb of Time and Space', 'Holy', 854414, 2.75, 2.28),
	(18, 'Bread Sandwich', 'General', 912979, 2.50, 2.52),
	(19, 'Lead Binnoculars', 'Evil', 408118, 2.98, 0.10),
	(20, 'Plutonium-239 (5 kg)', 'Unsafe', 484163, 1.81, 3.22),
	(21, 'Far Cry 4', 'Godly', 355677, 4.30, 3.48),
	(22, 'Lord of the Wings', 'Unsafe', 263759, 1.43, 4.38),
	(23, 'Big Mac 2', 'Evil', 383065, 0.32, 2.18),
	(24, 'Whoopie Cushion', 'Potato', 559307, 3.55, 2.15),
	(25, 'Notepad--', 'Evil', 972635, 0.47, 1.29),
	(26, 'Eaten Wizard Hat', 'Unsafe', 29024, 4.74, 2.97),
	(27, 'Wizard Lizard', 'Holy', 404007, 1.77, 2.71),
	(28, 'Torn Blue Shirt', 'Evil', 246235, 4.91, 3.58);
INSERT INTO products_yearly_data(year_id, year, units_sold, production_cost, distribution_cost, retail_price)
VALUES
	(1, TO_DATE('1990', 'YYYY'), 385692, 79.06, 86.87, 93.25),
	(2, TO_DATE('1991', 'YYYY'), 403845, 26.69, 50.92, 75.45),
	(3, TO_DATE('1992', 'YYYY'), 290416, 18.45, 88.92, 97.31),
	(4, TO_DATE('1993', 'YYYY'), 69445, 62.14, 65.49, 90.68),
	(5, TO_DATE('1994', 'YYYY'), 229228, 36.03, 82.65, 93.56),
	(6, TO_DATE('1995', 'YYYY'), 341294, 70.78, 78.35, 82.64),
	(7, TO_DATE('1996', 'YYYY'), 583082, 27.47, 72.03, 91.88),
	(8, TO_DATE('1997', 'YYYY'), 531559, 61.13, 71.53, 84.10),
	(9, TO_DATE('1998', 'YYYY'), 347171, 11.85, 55.02, 60.19),
	(10, TO_DATE('1999', 'YYYY'), 480121, 47.32, 50.49, 65.24),
	(11, TO_DATE('1990', 'YYYY'), 262273, 63.28, 74.02, 86.39),
	(12, TO_DATE('1991', 'YYYY'), 267860, 76.24, 86.28, 88.37),
	(13, TO_DATE('1992', 'YYYY'), 22904, 72.44, 83.38, 92.96),
	(14, TO_DATE('1993', 'YYYY'), 94118, 30.81, 33.14, 71.84),
	(15, TO_DATE('1994', 'YYYY'), 335701, 15.61, 73.11, 90.14),
	(16, TO_DATE('1995', 'YYYY'), 366449, 78.92, 95.60, 112.43),
	(17, TO_DATE('1996', 'YYYY'), 81202, 12.86, 13.86, 14.53),
	(18, TO_DATE('1997', 'YYYY'), 2392, 53.01, 59.72, 68.93),
	(19, TO_DATE('1998', 'YYYY'), 1608, 88.46, 102.26, 112.39),
	(20, TO_DATE('1999', 'YYYY'), 404108, 32.98, 70.53, 74.09),
	(21, TO_DATE('1990', 'YYYY'), 415957, 65.58, 69.60, 74.48),
	(22, TO_DATE('1991', 'YYYY'), 398849, 42.69, 61.52, 64.30),
	(23, TO_DATE('1992', 'YYYY'), 110216, 97.89, 118.06, 131.14),
	(24, TO_DATE('1993', 'YYYY'), 184928, 36.02, 58.49, 83.86),
	(25, TO_DATE('1994', 'YYYY'), 276575, 23.53, 33.68, 38.93),
	(26, TO_DATE('1995', 'YYYY'), 133308, 91.80, 112.17, 128.05),
	(27, TO_DATE('1996', 'YYYY'), 112849, 75.71, 79.85, 88.51),
	(28, TO_DATE('1997', 'YYYY'), 82140, 37.25, 41.90, 46.94),
	(29, TO_DATE('1998', 'YYYY'), 256585, 10.70, 99.43, 100.48),
	(30, TO_DATE('1999', 'YYYY'), 201361, 14.66, 59.81, 63.39),
	(31, TO_DATE('1990', 'YYYY'), 21876, 63.25, 69.47, 73.44),
	(32, TO_DATE('1991', 'YYYY'), 474755, 12.11, 68.72, 75.70),
	(33, TO_DATE('1992', 'YYYY'), 148821, 23.83, 31.73, 32.92),
	(34, TO_DATE('1993', 'YYYY'), 113929, 68.51, 81.00, 96.34),
	(35, TO_DATE('1994', 'YYYY'), 251928, 66.18, 84.24, 93.77),
	(36, TO_DATE('1995', 'YYYY'), 217179, 35.50, 40.46, 67.83),
	(37, TO_DATE('1996', 'YYYY'), 612331, 72.86, 80.35, 92.31),
	(38, TO_DATE('1997', 'YYYY'), 286867, 84.51, 87.05, 94.81),
	(39, TO_DATE('1998', 'YYYY'), 271620, 71.83, 84.03, 95.44),
	(40, TO_DATE('1999', 'YYYY'), 419318, 23.73, 65.32, 71.33),
	(41, TO_DATE('1990', 'YYYY'), 435798, 37.18, 44.09, 45.14),
	(42, TO_DATE('1991', 'YYYY'), 351518, 31.12, 34.38, 74.02),
	(43, TO_DATE('1992', 'YYYY'), 242665, 4.12, 71.80, 82.23),
	(44, TO_DATE('1993', 'YYYY'), 134042, 3.33, 40.75, 47.77),
	(45, TO_DATE('1994', 'YYYY'), 70609, 86.71, 104.59, 111.12),
	(46, TO_DATE('1995', 'YYYY'), 370842, 61.37, 67.87, 78.97),
	(47, TO_DATE('1996', 'YYYY'), 304707, 83.89, 88.44, 95.09),
	(48, TO_DATE('1997', 'YYYY'), 284197, 49.08, 50.37, 75.58),
	(49, TO_DATE('1998', 'YYYY'), 204775, 77.72, 85.49, 94.32),
	(50, TO_DATE('1999', 'YYYY'), 222084, 92.18, 114.46, 138.64),
	(51, TO_DATE('1990', 'YYYY'), 202793, 25.13, 85.90, 103.74),
	(52, TO_DATE('1991', 'YYYY'), 353496, 19.04, 71.46, 77.31),
	(53, TO_DATE('1992', 'YYYY'), 418611, 87.02, 91.47, 111.98),
	(54, TO_DATE('1993', 'YYYY'), 442892, 15.71, 42.74, 93.03),
	(55, TO_DATE('1994', 'YYYY'), 126162, 30.06, 69.00, 93.03),
	(56, TO_DATE('1995', 'YYYY'), 242512, 76.47, 88.41, 100.52),
	(57, TO_DATE('1996', 'YYYY'), 496941, 12.72, 25.78, 29.05),
	(58, TO_DATE('1997', 'YYYY'), 321348, 0.17, 71.07, 78.40),
	(59, TO_DATE('1998', 'YYYY'), 190627, 46.17, 93.03, 106.35),
	(60, TO_DATE('1999', 'YYYY'), 700194, 38.02, 43.27, 51.06),
	(61, TO_DATE('1990', 'YYYY'), 162335, 95.26, 108.73, 119.89),
	(62, TO_DATE('1991', 'YYYY'), 321103, 76.52, 83.87, 93.95),
	(63, TO_DATE('1992', 'YYYY'), 355669, 61.30, 76.19, 91.18),
	(64, TO_DATE('1993', 'YYYY'), 385597, 27.05, 77.62, 88.04),
	(65, TO_DATE('1994', 'YYYY'), 292608, 3.77, 80.55, 96.80),
	(66, TO_DATE('1995', 'YYYY'), 29559, 63.35, 72.38, 75.34),
	(67, TO_DATE('1996', 'YYYY'), 358979, 71.86, 88.03, 105.04),
	(68, TO_DATE('1997', 'YYYY'), 220326, 17.00, 18.14, 41.05),
	(69, TO_DATE('1998', 'YYYY'), 105507, 6.44, 9.34, 92.26),
	(70, TO_DATE('1999', 'YYYY'), 64209, 89.82, 92.02, 110.42),
	(71, TO_DATE('1990', 'YYYY'), 171118, 48.04, 62.22, 70.68),
	(72, TO_DATE('1991', 'YYYY'), 323147, 9.67, 88.04, 95.94),
	(73, TO_DATE('1992', 'YYYY'), 131715, 29.84, 56.86, 68.84),
	(74, TO_DATE('1993', 'YYYY'), 70579, 45.14, 63.85, 71.97),
	(75, TO_DATE('1994', 'YYYY'), 100406, 54.84, 92.62, 113.84),
	(76, TO_DATE('1995', 'YYYY'), 202044, 8.02, 36.91, 42.55),
	(77, TO_DATE('1996', 'YYYY'), 177391, 73.91, 75.88, 76.54),
	(78, TO_DATE('1997', 'YYYY'), 557965, 6.63, 23.14, 33.19),
	(79, TO_DATE('1998', 'YYYY'), 454375, 14.00, 17.39, 64.99),
	(80, TO_DATE('1999', 'YYYY'), 178995, 59.22, 72.38, 75.37),
	(81, TO_DATE('1990', 'YYYY'), 24598, 32.97, 38.66, 45.41),
	(82, TO_DATE('1991', 'YYYY'), 130092, 96.98, 110.69, 116.85),
	(83, TO_DATE('1992', 'YYYY'), 312723, 1.52, 85.75, 97.94),
	(84, TO_DATE('1993', 'YYYY'), 192289, 0.21, 65.71, 71.64),
	(85, TO_DATE('1994', 'YYYY'), 50000, 30.49, 47.39, 56.65),
	(86, TO_DATE('1995', 'YYYY'), 228732, 13.88, 54.69, 58.18),
	(87, TO_DATE('1996', 'YYYY'), 270415, 72.32, 86.01, 87.20),
	(88, TO_DATE('1997', 'YYYY'), 24270, 13.45, 76.05, 84.31),
	(89, TO_DATE('1998', 'YYYY'), 14299, 18.92, 21.12, 73.64),
	(90, TO_DATE('1999', 'YYYY'), 223554, 72.86, 74.19, 82.99),
	(91, TO_DATE('1990', 'YYYY'), 51268, 92.15, 94.81, 102.37),
	(92, TO_DATE('1991', 'YYYY'), 154253, 85.18, 105.26, 128.48),
	(93, TO_DATE('1992', 'YYYY'), 259245, 97.88, 113.54, 122.32),
	(94, TO_DATE('1993', 'YYYY'), 339900, 87.67, 99.35, 120.45),
	(95, TO_DATE('1994', 'YYYY'), 283217, 58.66, 90.89, 96.24),
	(96, TO_DATE('1995', 'YYYY'), 275212, 76.43, 81.57, 100.24),
	(97, TO_DATE('1996', 'YYYY'), 162149, 46.64, 49.45, 50.77),
	(98, TO_DATE('1997', 'YYYY'), 356187, 47.22, 86.77, 91.00),
	(99, TO_DATE('1998', 'YYYY'), 188858, 23.55, 26.83, 45.78),
	(100, TO_DATE('1999', 'YYYY'), 514563, 40.51, 76.76, 95.28),
	(101, TO_DATE('1990', 'YYYY'), 261675, 93.63, 116.76, 127.18),
	(102, TO_DATE('1991', 'YYYY'), 403550, 4.48, 66.29, 73.66),
	(103, TO_DATE('1992', 'YYYY'), 171518, 7.72, 90.17, 93.24),
	(104, TO_DATE('1993', 'YYYY'), 628253, 66.33, 80.97, 98.78),
	(105, TO_DATE('1994', 'YYYY'), 579787, 8.65, 15.79, 24.97),
	(106, TO_DATE('1995', 'YYYY'), 107204, 87.97, 94.93, 105.38),
	(107, TO_DATE('1996', 'YYYY'), 104718, 30.38, 30.48, 76.14),
	(108, TO_DATE('1997', 'YYYY'), 179021, 78.37, 94.05, 103.28),
	(109, TO_DATE('1998', 'YYYY'), 64537, 44.87, 93.45, 101.60),
	(110, TO_DATE('1999', 'YYYY'), 414529, 99.92, 114.18, 122.34),
	(111, TO_DATE('1990', 'YYYY'), 117213, 12.20, 87.10, 87.61),
	(112, TO_DATE('1991', 'YYYY'), 82589, 27.18, 31.93, 36.44),
	(113, TO_DATE('1992', 'YYYY'), 598843, 42.64, 49.86, 56.64),
	(114, TO_DATE('1993', 'YYYY'), 153590, 21.68, 97.15, 107.92),
	(115, TO_DATE('1994', 'YYYY'), 70113, 1.62, 22.80, 76.33),
	(116, TO_DATE('1995', 'YYYY'), 231556, 3.53, 9.69, 84.99),
	(117, TO_DATE('1996', 'YYYY'), 67486, 91.48, 92.50, 98.35),
	(118, TO_DATE('1997', 'YYYY'), 73139, 16.74, 40.95, 86.18),
	(119, TO_DATE('1998', 'YYYY'), 342480, 17.79, 95.81, 112.92),
	(120, TO_DATE('1999', 'YYYY'), 289084, 98.14, 120.24, 131.97),
	(121, TO_DATE('1990', 'YYYY'), 514953, 94.61, 107.04, 125.42),
	(122, TO_DATE('1991', 'YYYY'), 11953, 42.63, 74.45, 77.28),
	(123, TO_DATE('1992', 'YYYY'), 245960, 90.96, 110.04, 120.07),
	(124, TO_DATE('1993', 'YYYY'), 142393, 71.08, 82.91, 94.52),
	(125, TO_DATE('1994', 'YYYY'), 78650, 23.56, 75.04, 88.17),
	(126, TO_DATE('1995', 'YYYY'), 329966, 46.47, 57.13, 95.71),
	(127, TO_DATE('1996', 'YYYY'), 325347, 44.81, 52.80, 75.80),
	(128, TO_DATE('1997', 'YYYY'), 95649, 68.95, 76.56, 98.17),
	(129, TO_DATE('1998', 'YYYY'), 326459, 84.30, 104.88, 110.88),
	(130, TO_DATE('1999', 'YYYY'), 35421, 38.85, 65.40, 77.22),
	(131, TO_DATE('1990', 'YYYY'), 429389, 47.90, 48.17, 97.70),
	(132, TO_DATE('1991', 'YYYY'), 205435, 22.23, 26.25, 59.37),
	(133, TO_DATE('1992', 'YYYY'), 665658, 51.78, 62.73, 68.61),
	(134, TO_DATE('1993', 'YYYY'), 144583, 60.96, 96.52, 111.14),
	(135, TO_DATE('1994', 'YYYY'), 54484, 25.67, 43.42, 52.73),
	(136, TO_DATE('1995', 'YYYY'), 118381, 59.93, 70.52, 73.66),
	(137, TO_DATE('1996', 'YYYY'), 52710, 25.79, 26.08, 32.39),
	(138, TO_DATE('1997', 'YYYY'), 382840, 68.06, 79.74, 85.46),
	(139, TO_DATE('1998', 'YYYY'), 236614, 10.11, 79.20, 85.76),
	(140, TO_DATE('1999', 'YYYY'), 75519, 5.79, 8.30, 9.52),
	(141, TO_DATE('1990', 'YYYY'), 214896, 71.58, 88.10, 98.94),
	(142, TO_DATE('1991', 'YYYY'), 352337, 48.58, 62.53, 72.39),
	(143, TO_DATE('1992', 'YYYY'), 299261, 55.55, 77.50, 92.64),
	(144, TO_DATE('1993', 'YYYY'), 176849, 53.31, 56.27, 60.75),
	(145, TO_DATE('1994', 'YYYY'), 126514, 10.32, 89.06, 94.09),
	(146, TO_DATE('1995', 'YYYY'), 54941, 56.33, 56.55, 58.84),
	(147, TO_DATE('1996', 'YYYY'), 288557, 12.12, 31.20, 57.21),
	(148, TO_DATE('1997', 'YYYY'), 237721, 59.08, 71.53, 96.32),
	(149, TO_DATE('1998', 'YYYY'), 266729, 30.58, 87.01, 87.73),
	(150, TO_DATE('1999', 'YYYY'), 500523, 1.70, 37.77, 42.61),
	(151, TO_DATE('1990', 'YYYY'), 490176, 75.21, 77.50, 83.28),
	(152, TO_DATE('1991', 'YYYY'), 146270, 42.19, 81.09, 98.65),
	(153, TO_DATE('1992', 'YYYY'), 122591, 24.84, 99.00, 121.40),
	(154, TO_DATE('1993', 'YYYY'), 321408, 5.70, 41.12, 93.47),
	(155, TO_DATE('1994', 'YYYY'), 207042, 16.70, 32.59, 59.59),
	(156, TO_DATE('1995', 'YYYY'), 257920, 21.49, 24.48, 54.82),
	(157, TO_DATE('1996', 'YYYY'), 308578, 71.54, 73.07, 80.98),
	(158, TO_DATE('1997', 'YYYY'), 607898, 21.55, 24.89, 26.04),
	(159, TO_DATE('1998', 'YYYY'), 14342, 48.08, 84.21, 89.59),
	(160, TO_DATE('1999', 'YYYY'), 41703, 27.33, 32.51, 39.87),
	(161, TO_DATE('1990', 'YYYY'), 223196, 79.94, 97.43, 108.99),
	(162, TO_DATE('1991', 'YYYY'), 251126, 77.32, 80.34, 94.08),
	(163, TO_DATE('1992', 'YYYY'), 31830, 41.48, 45.15, 88.87),
	(164, TO_DATE('1993', 'YYYY'), 318477, 15.15, 89.20, 89.69),
	(165, TO_DATE('1994', 'YYYY'), 296609, 6.87, 70.61, 85.73),
	(166, TO_DATE('1995', 'YYYY'), 595149, 99.02, 113.83, 130.09),
	(167, TO_DATE('1996', 'YYYY'), 299228, 43.95, 86.31, 97.83),
	(168, TO_DATE('1997', 'YYYY'), 38121, 52.72, 81.54, 86.84),
	(169, TO_DATE('1998', 'YYYY'), 101715, 74.17, 86.73, 104.07),
	(170, TO_DATE('1999', 'YYYY'), 20730, 98.33, 102.77, 127.80),
	(171, TO_DATE('1990', 'YYYY'), 106756, 73.60, 79.29, 91.13),
	(172, TO_DATE('1991', 'YYYY'), 169321, 61.89, 67.27, 74.32),
	(173, TO_DATE('1992', 'YYYY'), 186611, 17.85, 22.10, 98.05),
	(174, TO_DATE('1993', 'YYYY'), 179959, 23.87, 68.40, 76.24),
	(175, TO_DATE('1994', 'YYYY'), 209956, 21.51, 84.87, 105.73),
	(176, TO_DATE('1995', 'YYYY'), 170175, 99.13, 111.53, 137.60),
	(177, TO_DATE('1996', 'YYYY'), 417713, 26.78, 97.76, 115.00),
	(178, TO_DATE('1997', 'YYYY'), 323085, 59.62, 59.97, 69.47),
	(179, TO_DATE('1998', 'YYYY'), 635927, 21.24, 34.97, 60.21),
	(180, TO_DATE('1999', 'YYYY'), 112876, 86.52, 108.04, 127.07),
	(181, TO_DATE('1990', 'YYYY'), 173492, 14.14, 15.87, 38.73),
	(182, TO_DATE('1991', 'YYYY'), 54104, 86.63, 98.21, 116.44),
	(183, TO_DATE('1992', 'YYYY'), 139827, 27.89, 39.48, 98.46),
	(184, TO_DATE('1993', 'YYYY'), 497264, 2.58, 29.18, 97.53),
	(185, TO_DATE('1994', 'YYYY'), 144141, 35.65, 42.23, 81.26),
	(186, TO_DATE('1995', 'YYYY'), 152549, 31.90, 82.36, 95.75),
	(187, TO_DATE('1996', 'YYYY'), 16637, 49.61, 65.06, 92.58),
	(188, TO_DATE('1997', 'YYYY'), 413705, 47.29, 74.95, 75.24),
	(189, TO_DATE('1998', 'YYYY'), 206758, 19.73, 67.06, 77.41),
	(190, TO_DATE('1999', 'YYYY'), 60947, 64.68, 69.28, 83.12),
	(191, TO_DATE('1990', 'YYYY'), 244855, 12.10, 97.84, 115.08),
	(192, TO_DATE('1991', 'YYYY'), 40379, 18.75, 25.24, 76.05),
	(193, TO_DATE('1992', 'YYYY'), 235604, 52.75, 64.10, 73.26),
	(194, TO_DATE('1993', 'YYYY'), 278606, 83.69, 92.61, 96.83),
	(195, TO_DATE('1994', 'YYYY'), 84336, 15.02, 22.44, 98.83),
	(196, TO_DATE('1995', 'YYYY'), 418313, 35.45, 42.25, 61.39),
	(197, TO_DATE('1996', 'YYYY'), 236785, 94.23, 107.57, 120.62),
	(198, TO_DATE('1997', 'YYYY'), 106308, 60.53, 79.14, 91.26),
	(199, TO_DATE('1998', 'YYYY'), 187804, 8.07, 89.32, 102.39),
	(200, TO_DATE('1999', 'YYYY'), 123455, 10.16, 32.96, 35.48),
	(201, TO_DATE('1990', 'YYYY'), 217930, 59.01, 67.30, 74.92),
	(202, TO_DATE('1991', 'YYYY'), 489351, 98.72, 117.96, 119.44),
	(203, TO_DATE('1992', 'YYYY'), 139413, 70.48, 71.95, 79.81),
	(204, TO_DATE('1993', 'YYYY'), 328449, 14.53, 97.84, 118.31),
	(205, TO_DATE('1994', 'YYYY'), 126279, 87.48, 98.24, 121.96),
	(206, TO_DATE('1995', 'YYYY'), 116070, 58.35, 69.94, 71.70),
	(207, TO_DATE('1996', 'YYYY'), 454866, 72.39, 80.79, 85.81),
	(208, TO_DATE('1997', 'YYYY'), 82088, 40.10, 49.24, 95.70),
	(209, TO_DATE('1998', 'YYYY'), 210782, 90.22, 102.27, 120.33),
	(210, TO_DATE('1999', 'YYYY'), 347587, 58.34, 70.94, 82.68),
	(211, TO_DATE('1990', 'YYYY'), 57144, 81.61, 100.86, 114.39),
	(212, TO_DATE('1991', 'YYYY'), 362273, 17.31, 63.67, 72.04),
	(213, TO_DATE('1992', 'YYYY'), 355272, 33.08, 34.70, 93.84),
	(214, TO_DATE('1993', 'YYYY'), 151288, 96.27, 114.85, 143.53),
	(215, TO_DATE('1994', 'YYYY'), 323817, 75.40, 82.18, 92.75),
	(216, TO_DATE('1995', 'YYYY'), 250320, 21.58, 77.36, 92.85),
	(217, TO_DATE('1996', 'YYYY'), 448858, 51.88, 63.36, 69.19),
	(218, TO_DATE('1997', 'YYYY'), 38381, 54.04, 82.72, 102.09),
	(219, TO_DATE('1998', 'YYYY'), 112158, 68.63, 78.78, 82.87),
	(220, TO_DATE('1999', 'YYYY'), 345290, 20.09, 58.73, 68.43),
	(221, TO_DATE('1990', 'YYYY'), 232440, 84.54, 102.71, 109.90),
	(222, TO_DATE('1991', 'YYYY'), 36309, 13.12, 78.32, 97.53),
	(223, TO_DATE('1992', 'YYYY'), 212697, 7.49, 57.83, 97.48),
	(224, TO_DATE('1993', 'YYYY'), 519210, 53.19, 57.30, 63.24),
	(225, TO_DATE('1994', 'YYYY'), 141757, 42.69, 51.86, 52.25),
	(226, TO_DATE('1995', 'YYYY'), 376012, 58.05, 69.48, 79.74),
	(227, TO_DATE('1996', 'YYYY'), 149029, 13.06, 66.98, 80.67),
	(228, TO_DATE('1997', 'YYYY'), 150002, 14.29, 59.04, 61.07),
	(229, TO_DATE('1998', 'YYYY'), 216346, 49.13, 99.72, 122.54),
	(230, TO_DATE('1999', 'YYYY'), 252529, 46.05, 99.79, 106.88),
	(231, TO_DATE('1990', 'YYYY'), 323623, 32.03, 94.68, 108.20),
	(232, TO_DATE('1991', 'YYYY'), 352954, 17.17, 42.33, 47.64),
	(233, TO_DATE('1992', 'YYYY'), 379854, 58.60, 92.59, 114.88),
	(234, TO_DATE('1993', 'YYYY'), 91100, 15.45, 86.59, 97.54),
	(235, TO_DATE('1994', 'YYYY'), 225018, 62.53, 66.60, 78.55),
	(236, TO_DATE('1995', 'YYYY'), 91919, 54.93, 58.85, 71.84),
	(237, TO_DATE('1996', 'YYYY'), 381145, 85.33, 94.05, 101.56),
	(238, TO_DATE('1997', 'YYYY'), 205814, 78.58, 94.59, 115.24),
	(239, TO_DATE('1998', 'YYYY'), 65457, 45.40, 63.66, 88.13),
	(240, TO_DATE('1999', 'YYYY'), 330670, 26.63, 52.57, 61.97),
	(241, TO_DATE('1990', 'YYYY'), 609327, 1.37, 86.69, 101.67),
	(242, TO_DATE('1991', 'YYYY'), 526931, 49.85, 59.76, 63.17),
	(243, TO_DATE('1992', 'YYYY'), 121658, 86.79, 91.55, 113.78),
	(244, TO_DATE('1993', 'YYYY'), 55100, 69.22, 78.01, 82.52),
	(245, TO_DATE('1994', 'YYYY'), 59571, 58.56, 64.53, 76.65),
	(246, TO_DATE('1995', 'YYYY'), 275343, 48.07, 73.32, 79.93),
	(247, TO_DATE('1996', 'YYYY'), 214328, 94.99, 95.72, 108.10),
	(248, TO_DATE('1997', 'YYYY'), 290255, 56.20, 81.48, 86.70),
	(249, TO_DATE('1998', 'YYYY'), 7191, 83.55, 88.16, 92.46),
	(250, TO_DATE('1999', 'YYYY'), 591244, 39.47, 43.65, 54.62),
	(251, TO_DATE('1990', 'YYYY'), 75243, 3.07, 61.03, 68.76),
	(252, TO_DATE('1991', 'YYYY'), 27278, 41.13, 63.25, 81.02),
	(253, TO_DATE('1992', 'YYYY'), 506243, 78.50, 80.69, 86.51),
	(254, TO_DATE('1993', 'YYYY'), 122882, 57.69, 62.13, 74.18),
	(255, TO_DATE('1994', 'YYYY'), 115795, 18.48, 27.93, 31.83),
	(256, TO_DATE('1995', 'YYYY'), 269632, 36.06, 50.40, 58.61),
	(257, TO_DATE('1996', 'YYYY'), 22718, 79.52, 93.74, 107.63),
	(258, TO_DATE('1997', 'YYYY'), 310073, 21.61, 89.40, 94.52),
	(259, TO_DATE('1998', 'YYYY'), 220948, 6.02, 81.12, 97.65),
	(260, TO_DATE('1999', 'YYYY'), 90416, 9.23, 69.53, 80.02),
	(261, TO_DATE('1990', 'YYYY'), 382728, 41.10, 42.97, 52.58),
	(262, TO_DATE('1991', 'YYYY'), 49455, 44.20, 46.19, 63.20),
	(263, TO_DATE('1992', 'YYYY'), 113935, 16.07, 69.72, 86.40),
	(264, TO_DATE('1993', 'YYYY'), 2675, 95.31, 99.23, 106.60),
	(265, TO_DATE('1994', 'YYYY'), 378262, 62.84, 73.49, 90.43),
	(266, TO_DATE('1995', 'YYYY'), 309478, 79.09, 88.59, 99.14),
	(267, TO_DATE('1996', 'YYYY'), 536916, 68.75, 82.82, 94.56),
	(268, TO_DATE('1997', 'YYYY'), 243891, 86.66, 98.11, 99.81),
	(269, TO_DATE('1998', 'YYYY'), 20911, 43.41, 65.92, 80.63),
	(270, TO_DATE('1999', 'YYYY'), 322112, 32.69, 33.28, 47.46),
	(271, TO_DATE('1990', 'YYYY'), 275566, 1.65, 2.90, 66.07),
	(272, TO_DATE('1991', 'YYYY'), 183283, 51.39, 54.59, 70.85),
	(273, TO_DATE('1992', 'YYYY'), 268715, 42.83, 74.99, 78.08),
	(274, TO_DATE('1993', 'YYYY'), 44062, 89.34, 92.67, 109.84),
	(275, TO_DATE('1994', 'YYYY'), 458097, 85.33, 104.83, 123.92),
	(276, TO_DATE('1995', 'YYYY'), 93719, 14.98, 32.71, 38.41),
	(277, TO_DATE('1996', 'YYYY'), 266637, 30.99, 64.09, 75.67),
	(278, TO_DATE('1997', 'YYYY'), 132341, 57.93, 62.92, 64.28),
	(279, TO_DATE('1998', 'YYYY'), 327777, 74.85, 90.32, 97.39),
	(280, TO_DATE('1999', 'YYYY'), 301925, 15.22, 16.18, 91.60);
INSERT INTO product_year_join(product_id, year_id)
VALUES
	(1, 1),
	(1, 2),
	(1, 3),
	(1, 4),
	(1, 5),
	(1, 6),
	(1, 7),
	(1, 8),
	(1, 9),
	(1, 10),
	(2, 11),
	(2, 12),
	(2, 13),
	(2, 14),
	(2, 15),
	(2, 16),
	(2, 17),
	(2, 18),
	(2, 19),
	(2, 20),
	(3, 21),
	(3, 22),
	(3, 23),
	(3, 24),
	(3, 25),
	(3, 26),
	(3, 27),
	(3, 28),
	(3, 29),
	(3, 30),
	(4, 31),
	(4, 32),
	(4, 33),
	(4, 34),
	(4, 35),
	(4, 36),
	(4, 37),
	(4, 38),
	(4, 39),
	(4, 40),
	(5, 41),
	(5, 42),
	(5, 43),
	(5, 44),
	(5, 45),
	(5, 46),
	(5, 47),
	(5, 48),
	(5, 49),
	(5, 50),
	(6, 51),
	(6, 52),
	(6, 53),
	(6, 54),
	(6, 55),
	(6, 56),
	(6, 57),
	(6, 58),
	(6, 59),
	(6, 60),
	(7, 61),
	(7, 62),
	(7, 63),
	(7, 64),
	(7, 65),
	(7, 66),
	(7, 67),
	(7, 68),
	(7, 69),
	(7, 70),
	(8, 71),
	(8, 72),
	(8, 73),
	(8, 74),
	(8, 75),
	(8, 76),
	(8, 77),
	(8, 78),
	(8, 79),
	(8, 80),
	(9, 81),
	(9, 82),
	(9, 83),
	(9, 84),
	(9, 85),
	(9, 86),
	(9, 87),
	(9, 88),
	(9, 89),
	(9, 90),
	(10, 91),
	(10, 92),
	(10, 93),
	(10, 94),
	(10, 95),
	(10, 96),
	(10, 97),
	(10, 98),
	(10, 99),
	(10, 100),
	(11, 101),
	(11, 102),
	(11, 103),
	(11, 104),
	(11, 105),
	(11, 106),
	(11, 107),
	(11, 108),
	(11, 109),
	(11, 110),
	(12, 111),
	(12, 112),
	(12, 113),
	(12, 114),
	(12, 115),
	(12, 116),
	(12, 117),
	(12, 118),
	(12, 119),
	(12, 120),
	(13, 121),
	(13, 122),
	(13, 123),
	(13, 124),
	(13, 125),
	(13, 126),
	(13, 127),
	(13, 128),
	(13, 129),
	(13, 130),
	(14, 131),
	(14, 132),
	(14, 133),
	(14, 134),
	(14, 135),
	(14, 136),
	(14, 137),
	(14, 138),
	(14, 139),
	(14, 140),
	(15, 141),
	(15, 142),
	(15, 143),
	(15, 144),
	(15, 145),
	(15, 146),
	(15, 147),
	(15, 148),
	(15, 149),
	(15, 150),
	(16, 151),
	(16, 152),
	(16, 153),
	(16, 154),
	(16, 155),
	(16, 156),
	(16, 157),
	(16, 158),
	(16, 159),
	(16, 160),
	(17, 161),
	(17, 162),
	(17, 163),
	(17, 164),
	(17, 165),
	(17, 166),
	(17, 167),
	(17, 168),
	(17, 169),
	(17, 170),
	(18, 171),
	(18, 172),
	(18, 173),
	(18, 174),
	(18, 175),
	(18, 176),
	(18, 177),
	(18, 178),
	(18, 179),
	(18, 180),
	(19, 181),
	(19, 182),
	(19, 183),
	(19, 184),
	(19, 185),
	(19, 186),
	(19, 187),
	(19, 188),
	(19, 189),
	(19, 190),
	(20, 191),
	(20, 192),
	(20, 193),
	(20, 194),
	(20, 195),
	(20, 196),
	(20, 197),
	(20, 198),
	(20, 199),
	(20, 200),
	(21, 201),
	(21, 202),
	(21, 203),
	(21, 204),
	(21, 205),
	(21, 206),
	(21, 207),
	(21, 208),
	(21, 209),
	(21, 210),
	(22, 211),
	(22, 212),
	(22, 213),
	(22, 214),
	(22, 215),
	(22, 216),
	(22, 217),
	(22, 218),
	(22, 219),
	(22, 220),
	(23, 221),
	(23, 222),
	(23, 223),
	(23, 224),
	(23, 225),
	(23, 226),
	(23, 227),
	(23, 228),
	(23, 229),
	(23, 230),
	(24, 231),
	(24, 232),
	(24, 233),
	(24, 234),
	(24, 235),
	(24, 236),
	(24, 237),
	(24, 238),
	(24, 239),
	(24, 240),
	(25, 241),
	(25, 242),
	(25, 243),
	(25, 244),
	(25, 245),
	(25, 246),
	(25, 247),
	(25, 248),
	(25, 249),
	(25, 250),
	(26, 251),
	(26, 252),
	(26, 253),
	(26, 254),
	(26, 255),
	(26, 256),
	(26, 257),
	(26, 258),
	(26, 259),
	(26, 260),
	(27, 261),
	(27, 262),
	(27, 263),
	(27, 264),
	(27, 265),
	(27, 266),
	(27, 267),
	(27, 268),
	(27, 269),
	(27, 270),
	(28, 271),
	(28, 272),
	(28, 273),
	(28, 274),
	(28, 275),
	(28, 276),
	(28, 277),
	(28, 278),
	(28, 279),
	(28, 280);
